[
    {
        "dayName": "Lunes",
        "dailyCalories": 1500,
        "dailyProtein": 72,
        "dailyCarbs": 210,
        "dailyFat": 41.4,
        "meals": [
            {
                "mealName": "Desayuno",
                "recipes": [
                    {
                        "foodOptions": [
                            {
                                "food": "61b417dfb7721ea97040340c",
                                "foodName": "Arroz integral con leche",
                                "quantity": 1,
                                "unit": "Porción"
                            }
                        ]
                    }
                ]
            },
            {
                "mealName": "Almuerzo",
                "recipes": [
                    {
                        "foodOptions": [
                            {
                                "food": "5c9424adc79d3f1163b7c573",
                                "foodName": "Pera",
                                "quantity": 1,
                                "unit": "unit"
                            }
                        ]
                    },
                    {
                        "foodOptions": [
                            {
                                "food": "64c1f824b5aeb59a7a089469",
                                "foodName": "Arroz protéico vegano",
                                "quantity": 1,
                                "unit": "Porción"
                            }
                        ]
                    }
                ]
            },
            {
                "mealName": "Cena",
                "recipes": [
                    {
                        "foodOptions": [
                            {
                                "food": "5c9424a7c79d3f1163b7be15",
                                "foodName": "Yogurt",
                                "quantity": 1,
                                "unit": "cup"
                            }
                        ]
                    },
                    {
                        "foodOptions": [
                            {
                                "food": "5dffb1c2ca8dda001e50b540",
                                "foodName": "Langostinos con arroz a la tailandesa",
                                "quantity": 1,
                                "unit": "Porción"
                            }
                        ]
                    }
                ]
            }
        ]
    },
    {
        "dayName": "Martes",
        "dailyCalories": 1500,
        "dailyProtein": 72,
        "dailyCarbs": 210,
        "dailyFat": 41.4,
        "meals": [
            {
                "mealName": "Desayuno",
                "recipes": [
                    {
                        "foodOptions": [
                            {
                                "food": "61b417dfb7721ea97040340c",
                                "foodName": "Arroz integral con leche",
                                "quantity": 1,
                                "unit": "Porción"
                            }
                        ]
                    }
                ]
            },
            {
                "mealName": "Almuerzo",
                "recipes": [
                    {
                        "foodOptions": [
                            {
                                "food": "64c1f1fdb5aeb59a7a088fef",
                                "foodName": "Berenjenas rellenas de quinoa y queso",
                                "quantity": 1,
                                "unit": "Porción"
                            }
                        ]
                    }
                ]
            },
            {
                "mealName": "Cena",
                "recipes": [
                    {
                        "foodOptions": [
                            {
                                "food": "64c1e42fa468a6a09df9c548",
                                "foodName": "Batido de fresas",
                                "quantity": 1,
                                "unit": "Porción"
                            }
                        ]
                    },
                    {
                        "foodOptions": [
                            {
                                "food": "5f2f26c83512510027861110",
                                "foodName": "Verduras salteadas con tofu",
                                "quantity": 1,
                                "unit": "Porción"
                            }
                        ]
                    }
                ]
            }
        ]
    },
    {
        "dayName": "Miércoles",
        "dailyCalories": 1500,
        "dailyProtein": 72,
        "dailyCarbs": 210,
        "dailyFat": 41.4,
        "meals": [
            {
                "mealName": "Desayuno",
                "recipes": [
                    {
                        "foodOptions": [
                            {
                                "food": "61b417dfb7721ea97040340c",
                                "foodName": "Arroz integral con leche",
                                "quantity": 1,
                                "unit": "Porción"
                            }
                        ]
                    }
                ]
            },
            {
                "mealName": "Almuerzo",
                "recipes": [
                    {
                        "foodOptions": [
                            {
                                "food": "64c1f1fdb5aeb59a7a088fef",
                                "foodName": "Berenjenas rellenas de quinoa y queso",
                                "quantity": 1,
                                "unit": "Porción"
                            }
                        ]
                    }
                ]
            },
            {
                "mealName": "Cena",
                "recipes": [
                    {
                        "foodOptions": [
                            {
                                "food": "61ee093ac3b0c234f6281da4",
                                "foodName": "Hamburguesa vegetal",
                                "quantity": 1,
                                "unit": "Porción"
                            }
                        ]
                    },
                    {
                        "foodOptions": [
                            {
                                "food": "64c1f467b5aeb59a7a0891c8",
                                "foodName": "Delicia de espárragos",
                                "quantity": 1,
                                "unit": "Porción"
                            }
                        ]
                    }
                ]
            }
        ]
    },
    {
        "dayName": "Jueves",
        "dailyCalories": 1500,
        "dailyProtein": 72,
        "dailyCarbs": 210,
        "dailyFat": 41.4,
        "meals": [
            {
                "mealName": "Desayuno",
                "recipes": [
                    {
                        "foodOptions": [
                            {
                                "food": "61b417dfb7721ea97040340c",
                                "foodName": "Arroz integral con leche",
                                "quantity": 1,
                                "unit": "Porción"
                            }
                        ]
                    }
                ]
            },
            {
                "mealName": "Almuerzo",
                "recipes": [
                    {
                        "foodOptions": [
                            {
                                "food": "620aa0f6c20e6bcb38e49a2a",
                                "foodName": "Tortilla de claras a las finas hierbas",
                                "quantity": 1,
                                "unit": "Porción"
                            }
                        ]
                    },
                    {
                        "foodOptions": [
                            {
                                "food": "64c1fa63fda5fd6f1aa396b0",
                                "foodName": "Guacamole",
                                "quantity": 1,
                                "unit": "Porción"
                            }
                        ]
                    },
                    {
                        "foodOptions": [
                            {
                                "food": "5c9424b6c79d3f1163b7ca74",
                                "foodName": "Choclo (maíz)",
                                "quantity": 1,
                                "unit": "ear, medium (6-3/4\" to 7-1/2\" long)"
                            }
                        ]
                    },
                    {
                        "foodOptions": [
                            {
                                "food": "5c9424adc79d3f1163b7c565",
                                "foodName": "Melocotón",
                                "quantity": 1,
                                "unit": "unit"
                            }
                        ]
                    }
                ]
            },
            {
                "mealName": "Cena",
                "recipes": [
                    {
                        "foodOptions": [
                            {
                                "food": "64c1f1fdb5aeb59a7a088fef",
                                "foodName": "Berenjenas rellenas de quinoa y queso",
                                "quantity": 1,
                                "unit": "Porción"
                            }
                        ]
                    }
                ]
            }
        ]
    },
    {
        "dayName": "Viernes",
        "dailyCalories": 1500,
        "dailyProtein": 72,
        "dailyCarbs": 210,
        "dailyFat": 41.4,
        "meals": [
            {
                "mealName": "Desayuno",
                "recipes": [
                    {
                        "foodOptions": [
                            {
                                "food": "61b417dfb7721ea97040340c",
                                "foodName": "Arroz integral con leche",
                                "quantity": 1,
                                "unit": "Porción"
                            }
                        ]
                    }
                ]
            },
            {
                "mealName": "Almuerzo",
                "recipes": [
                    {
                        "foodOptions": [
                            {
                                "food": "64c1fae3fda5fd6f1aa396e0",
                                "foodName": "Dip de frijoles negros",
                                "quantity": 1,
                                "unit": "Porción"
                            }
                        ]
                    },
                    {
                        "foodOptions": [
                            {
                                "food": "64c1e453a468a6a09df9c564",
                                "foodName": "Bowl de yogur griego y frutas",
                                "quantity": 1,
                                "unit": "Porción"
                            }
                        ]
                    }
                ]
            },
            {
                "mealName": "Cena",
                "recipes": [
                    {
                        "foodOptions": [
                            {
                                "food": "64c1f1eeb5aeb59a7a088fdf",
                                "foodName": "Berenjenas rellenas de quinoa",
                                "quantity": 1,
                                "unit": "Porción"
                            }
                        ]
                    },
                    {
                        "foodOptions": [
                            {
                                "food": "5f274dd576b4b20027e697db",
                                "foodName": "Ensalada de tomates cherry, queso de cabra y albahaca",
                                "quantity": 1,
                                "unit": "Porción"
                            }
                        ]
                    }
                ]
            }
        ]
    },
    {
        "dayName": "Sábado",
        "dailyCalories": 1500,
        "dailyProtein": 72,
        "dailyCarbs": 210,
        "dailyFat": 41.4,
        "meals": [
            {
                "mealName": "Desayuno",
                "recipes": [
                    {
                        "foodOptions": [
                            {
                                "food": "61b417dfb7721ea97040340c",
                                "foodName": "Arroz integral con leche",
                                "quantity": 1,
                                "unit": "Porción"
                            }
                        ]
                    }
                ]
            },
            {
                "mealName": "Almuerzo",
                "recipes": [
                    {
                        "foodOptions": [
                            {
                                "food": "61ee093ac3b0c234f6281da4",
                                "foodName": "Hamburguesa vegetal",
                                "quantity": 1,
                                "unit": "Porción"
                            }
                        ]
                    },
                    {
                        "foodOptions": [
                            {
                                "food": "63485eea414aa90400d0467a",
                                "foodName": "Smoothie de fresa y coco",
                                "quantity": 1,
                                "unit": "Porción"
                            }
                        ]
                    }
                ]
            },
            {
                "mealName": "Cena",
                "recipes": [
                    {
                        "foodOptions": [
                            {
                                "food": "61ee093ac3b0c234f6281da4",
                                "foodName": "Hamburguesa vegetal",
                                "quantity": 1,
                                "unit": "Porción"
                            }
                        ]
                    },
                    {
                        "foodOptions": [
                            {
                                "food": "64c1e3cea468a6a09df9c515",
                                "foodName": "Yogur con linaza",
                                "quantity": 1,
                                "unit": "Porción"
                            }
                        ]
                    }
                ]
            }
        ]
    },
    {
        "dayName": "Domingo",
        "dailyCalories": 1500,
        "dailyProtein": 72,
        "dailyCarbs": 210,
        "dailyFat": 41.4,
        "meals": [
            {
                "mealName": "Desayuno",
                "recipes": [
                    {
                        "foodOptions": [
                            {
                                "food": "61b417dfb7721ea97040340c",
                                "foodName": "Arroz integral con leche",
                                "quantity": 1,
                                "unit": "Porción"
                            }
                        ]
                    }
                ]
            },
            {
                "mealName": "Almuerzo",
                "recipes": [
                    {
                        "foodOptions": [
                            {
                                "food": "64c1f1fdb5aeb59a7a088fef",
                                "foodName": "Berenjenas rellenas de quinoa y queso",
                                "quantity": 1,
                                "unit": "Porción"
                            }
                        ]
                    }
                ]
            },
            {
                "mealName": "Cena",
                "recipes": [
                    {
                        "foodOptions": [
                            {
                                "food": "63485eea414aa90400d0467a",
                                "foodName": "Smoothie de fresa y coco",
                                "quantity": 1,
                                "unit": "Porción"
                            }
                        ]
                    },
                    {
                        "foodOptions": [
                            {
                                "food": "5f2f26c83512510027861110",
                                "foodName": "Verduras salteadas con tofu",
                                "quantity": 1,
                                "unit": "Porción"
                            }
                        ]
                    }
                ]
            }
        ]
    }
]