[
    {
        "dayName": "Lunes",
        "Objective Calories": 1500,
        "Objective Protein": 72,
        "Objective Carbs": 210,
        "Objective Fat": 41.4,
        "MealPlan Calories": 1515.251495425,
        "MealPlan Proteins": 66.406737775,
        "MealPlan Carbs": 202.24751730000003,
        "MealPlan Fat": 48.959386124999995
    },
    {
        "dayName": "Martes",
        "Objective Calories": 1500,
        "Objective Protein": 72,
        "Objective Carbs": 210,
        "Objective Fat": 41.4,
        "MealPlan Calories": 1490.07588039,
        "MealPlan Proteins": 61.42941071,
        "MealPlan Carbs": 221.16549376,
        "MealPlan Fat": 39.96625139
    },
    {
        "dayName": "Miércoles",
        "Objective Calories": 1500,
        "Objective Protein": 72,
        "Objective Carbs": 210,
        "Objective Fat": 41.4,
        "MealPlan Calories": 1427.046984662,
        "MealPlan Proteins": 70.41876142699999,
        "MealPlan Carbs": 189.63782031300002,
        "MealPlan Fat": 42.980073078
    },
    {
        "dayName": "Jueves",
        "Objective Calories": 1500,
        "Objective Protein": 72,
        "Objective Carbs": 210,
        "Objective Fat": 41.4,
        "MealPlan Calories": 1498.510038442,
        "MealPlan Proteins": 71.634603427,
        "MealPlan Carbs": 195.15970467300002,
        "MealPlan Fat": 47.925867337999996
    },
    {
        "dayName": "Viernes",
        "Objective Calories": 1500,
        "Objective Protein": 72,
        "Objective Carbs": 210,
        "Objective Fat": 41.4,
        "MealPlan Calories": 1527.653756225,
        "MealPlan Proteins": 62.260955374999995,
        "MealPlan Carbs": 196.7243085,
        "MealPlan Fat": 54.63474452499999
    },
    {
        "dayName": "Sábado",
        "Objective Calories": 1500,
        "Objective Protein": 72,
        "Objective Carbs": 210,
        "Objective Fat": 41.4,
        "MealPlan Calories": 1426.505961745,
        "MealPlan Proteins": 61.200180435,
        "MealPlan Carbs": 201.466991695,
        "MealPlan Fat": 41.759697024999994
    },
    {
        "dayName": "Domingo",
        "Objective Calories": 1500,
        "Objective Protein": 72,
        "Objective Carbs": 210,
        "Objective Fat": 41.4,
        "MealPlan Calories": 1527.653756225,
        "MealPlan Proteins": 62.260955374999995,
        "MealPlan Carbs": 196.7243085,
        "MealPlan Fat": 54.63474452499999
    }
]