[
    {
        "dayName": "Lunes",
        "Objective Calories": 1500,
        "Objective Protein": 72,
        "Objective Carbs": 210,
        "Objective Fat": 41.4,
        "MealPlan Calories": 1413.8875507399998,
        "MealPlan Proteins": 67.77182134,
        "MealPlan Carbs": 192.16031572,
        "MealPlan Fat": 41.57322249999999
    },
    {
        "dayName": "Martes",
        "Objective Calories": 1500,
        "Objective Protein": 72,
        "Objective Carbs": 210,
        "Objective Fat": 41.4,
        "MealPlan Calories": 1466.21137779,
        "MealPlan Proteins": 64.00144541,
        "MealPlan Carbs": 203.60267656000002,
        "MealPlan Fat": 43.97720998999999
    },
    {
        "dayName": "Miércoles",
        "Objective Calories": 1500,
        "Objective Protein": 72,
        "Objective Carbs": 210,
        "Objective Fat": 41.4,
        "MealPlan Calories": 1457.072561305,
        "MealPlan Proteins": 59.474620195,
        "MealPlan Carbs": 187.50543696,
        "MealPlan Fat": 52.12803696499999
    },
    {
        "dayName": "Jueves",
        "Objective Calories": 1500,
        "Objective Protein": 72,
        "Objective Carbs": 210,
        "Objective Fat": 41.4,
        "MealPlan Calories": 1467.492495125,
        "MealPlan Proteins": 61.197012875,
        "MealPlan Carbs": 194.0213472,
        "MealPlan Fat": 49.624339424999995
    },
    {
        "dayName": "Viernes",
        "Objective Calories": 1500,
        "Objective Protein": 72,
        "Objective Carbs": 210,
        "Objective Fat": 41.4,
        "MealPlan Calories": 1435.455118105,
        "MealPlan Proteins": 66.10337239500001,
        "MealPlan Carbs": 210.97110234999997,
        "MealPlan Fat": 36.350802125
    },
    {
        "dayName": "Sábado",
        "Objective Calories": 1500,
        "Objective Protein": 72,
        "Objective Carbs": 210,
        "Objective Fat": 41.4,
        "MealPlan Calories": 1362.529108235,
        "MealPlan Proteins": 57.032344280000004,
        "MealPlan Carbs": 185.588254425,
        "MealPlan Fat": 43.560745935
    },
    {
        "dayName": "Domingo",
        "Objective Calories": 1500,
        "Objective Protein": 72,
        "Objective Carbs": 210,
        "Objective Fat": 41.4,
        "MealPlan Calories": 1515.6816660999998,
        "MealPlan Proteins": 64.489261395,
        "MealPlan Carbs": 200.518663585,
        "MealPlan Fat": 50.62777402
    }
]