[
    {
        "dayName": "Lunes",
        "Objective Calories": 1500,
        "Objective Protein": 72,
        "Objective Carbs": 210,
        "Objective Fat": 41.4,
        "MealPlan Calories": 1473.1527114739997,
        "MealPlan Proteins": 73.260538864,
        "MealPlan Carbs": 141.923546926,
        "MealPlan Fat": 68.046263146
    },
    {
        "dayName": "Martes",
        "Objective Calories": 1500,
        "Objective Protein": 72,
        "Objective Carbs": 210,
        "Objective Fat": 41.4,
        "MealPlan Calories": 1442.1413581739998,
        "MealPlan Proteins": 75.374807164,
        "MealPlan Carbs": 126.661695626,
        "MealPlan Fat": 70.443927446
    },
    {
        "dayName": "Miércoles",
        "Objective Calories": 1500,
        "Objective Protein": 72,
        "Objective Carbs": 210,
        "Objective Fat": 41.4,
        "MealPlan Calories": 1452.1271060550002,
        "MealPlan Proteins": 93.71851510500002,
        "MealPlan Carbs": 103.89812232,
        "MealPlan Fat": 73.517839595
    },
    {
        "dayName": "Jueves",
        "Objective Calories": 1500,
        "Objective Protein": 72,
        "Objective Carbs": 210,
        "Objective Fat": 41.4,
        "MealPlan Calories": 1473.1527114739997,
        "MealPlan Proteins": 73.260538864,
        "MealPlan Carbs": 141.923546926,
        "MealPlan Fat": 68.046263146
    },
    {
        "dayName": "Viernes",
        "Objective Calories": 1500,
        "Objective Protein": 72,
        "Objective Carbs": 210,
        "Objective Fat": 41.4,
        "MealPlan Calories": 1473.1527114739997,
        "MealPlan Proteins": 73.260538864,
        "MealPlan Carbs": 141.923546926,
        "MealPlan Fat": 68.046263146
    },
    {
        "dayName": "Sábado",
        "Objective Calories": 1500,
        "Objective Protein": 72,
        "Objective Carbs": 210,
        "Objective Fat": 41.4,
        "MealPlan Calories": 1414.583647554,
        "MealPlan Proteins": 74.709523684,
        "MealPlan Carbs": 120.857556206,
        "MealPlan Fat": 70.257258666
    },
    {
        "dayName": "Domingo",
        "Objective Calories": 1500,
        "Objective Protein": 72,
        "Objective Carbs": 210,
        "Objective Fat": 41.4,
        "MealPlan Calories": 1468.9669328720001,
        "MealPlan Proteins": 94.313686442,
        "MealPlan Carbs": 125.759301738,
        "MealPlan Fat": 65.408331128
    }
]