[
    {
        "dayName": "Lunes",
        "Objective Calories": 1500,
        "Objective Protein": 72,
        "Objective Carbs": 210,
        "Objective Fat": 41.4,
        "MealPlan Calories": 1468.9669328720001,
        "MealPlan Proteins": 94.313686442,
        "MealPlan Carbs": 125.759301738,
        "MealPlan Fat": 65.408331128
    },
    {
        "dayName": "Martes",
        "Objective Calories": 1500,
        "Objective Protein": 72,
        "Objective Carbs": 210,
        "Objective Fat": 41.4,
        "MealPlan Calories": 1473.1527114739997,
        "MealPlan Proteins": 73.260538864,
        "MealPlan Carbs": 141.923546926,
        "MealPlan Fat": 68.046263146
    },
    {
        "dayName": "Miércoles",
        "Objective Calories": 1500,
        "Objective Protein": 72,
        "Objective Carbs": 210,
        "Objective Fat": 41.4,
        "MealPlan Calories": 1442.1413581739998,
        "MealPlan Proteins": 75.374807164,
        "MealPlan Carbs": 126.661695626,
        "MealPlan Fat": 70.443927446
    },
    {
        "dayName": "Jueves",
        "Objective Calories": 1500,
        "Objective Protein": 72,
        "Objective Carbs": 210,
        "Objective Fat": 41.4,
        "MealPlan Calories": 1403.885684374,
        "MealPlan Proteins": 73.442989764,
        "MealPlan Carbs": 109.215574726,
        "MealPlan Fat": 74.80571404599999
    },
    {
        "dayName": "Viernes",
        "Objective Calories": 1500,
        "Objective Protein": 72,
        "Objective Carbs": 210,
        "Objective Fat": 41.4,
        "MealPlan Calories": 1468.9669328720001,
        "MealPlan Proteins": 94.313686442,
        "MealPlan Carbs": 125.759301738,
        "MealPlan Fat": 65.408331128
    },
    {
        "dayName": "Sábado",
        "Objective Calories": 1500,
        "Objective Protein": 72,
        "Objective Carbs": 210,
        "Objective Fat": 41.4,
        "MealPlan Calories": 1436.7728725319998,
        "MealPlan Proteins": 83.780508327,
        "MealPlan Carbs": 124.743507783,
        "MealPlan Fat": 66.964089788
    },
    {
        "dayName": "Domingo",
        "Objective Calories": 1500,
        "Objective Protein": 72,
        "Objective Carbs": 210,
        "Objective Fat": 41.4,
        "MealPlan Calories": 1400.39303359,
        "MealPlan Proteins": 94.30047779000002,
        "MealPlan Carbs": 107.56346864,
        "MealPlan Fat": 65.88191643
    }
]