[
    {
        "dayName": "Lunes",
        "dailyCalories": 1500,
        "dailyProtein": 72,
        "dailyCarbs": 210,
        "dailyFat": 41.4,
        "meals": [
            {
                "mealName": "Desayuno",
                "recipes": [
                    {
                        "foodOptions": [
                            {
                                "food": "63457ed8066bf814918a30a9",
                                "foodName": "Tortilla con huevo con champiñones",
                                "quantity": 1,
                                "unit": "Porción"
                            }
                        ]
                    },
                    {
                        "foodOptions": [
                            {
                                "food": "5c9424bbc79d3f1163b7d003",
                                "foodName": "Leche de soya",
                                "quantity": 1,
                                "unit": "cup"
                            }
                        ]
                    }
                ]
            },
            {
                "mealName": "Almuerzo",
                "recipes": [
                    {
                        "foodOptions": [
                            {
                                "food": "61eb0df29c52f2a087a385d7",
                                "foodName": "Tortilla de claras con berenjena",
                                "quantity": 1,
                                "unit": "Porción"
                            }
                        ]
                    },
                    {
                        "foodOptions": [
                            {
                                "food": "64b23d2d158bbf9c48f8eb43",
                                "foodName": "Tofu frito con salsa de soja",
                                "quantity": 1,
                                "unit": "Porción"
                            }
                        ]
                    }
                ]
            },
            {
                "mealName": "Cena",
                "recipes": [
                    {
                        "foodOptions": [
                            {
                                "food": "64c1fd89fda5fd6f1aa39817",
                                "foodName": "Dátiles delicia",
                                "quantity": 1,
                                "unit": "Porción"
                            }
                        ]
                    },
                    {
                        "foodOptions": [
                            {
                                "food": "61ae7b85b7721ea970184506",
                                "foodName": "Berenjenas con tomate y queso al horno",
                                "quantity": 1,
                                "unit": "Porción"
                            }
                        ]
                    }
                ]
            }
        ]
    },
    {
        "dayName": "Martes",
        "dailyCalories": 1500,
        "dailyProtein": 72,
        "dailyCarbs": 210,
        "dailyFat": 41.4,
        "meals": [
            {
                "mealName": "Desayuno",
                "recipes": [
                    {
                        "foodOptions": [
                            {
                                "food": "5c9424bbc79d3f1163b7d003",
                                "foodName": "Leche de soya",
                                "quantity": 1,
                                "unit": "cup"
                            }
                        ]
                    },
                    {
                        "foodOptions": [
                            {
                                "food": "63457ed8066bf814918a30a9",
                                "foodName": "Tortilla con huevo con champiñones",
                                "quantity": 1,
                                "unit": "Porción"
                            }
                        ]
                    }
                ]
            },
            {
                "mealName": "Almuerzo",
                "recipes": [
                    {
                        "foodOptions": [
                            {
                                "food": "61ae7b85b7721ea970184506",
                                "foodName": "Berenjenas con tomate y queso al horno",
                                "quantity": 1,
                                "unit": "Porción"
                            }
                        ]
                    },
                    {
                        "foodOptions": [
                            {
                                "food": "64c1fd89fda5fd6f1aa39817",
                                "foodName": "Dátiles delicia",
                                "quantity": 1,
                                "unit": "Porción"
                            }
                        ]
                    }
                ]
            },
            {
                "mealName": "Cena",
                "recipes": [
                    {
                        "foodOptions": [
                            {
                                "food": "61ae7b85b7721ea970184506",
                                "foodName": "Berenjenas con tomate y queso al horno",
                                "quantity": 1,
                                "unit": "Porción"
                            }
                        ]
                    },
                    {
                        "foodOptions": [
                            {
                                "food": "64c1fd89fda5fd6f1aa39817",
                                "foodName": "Dátiles delicia",
                                "quantity": 1,
                                "unit": "Porción"
                            }
                        ]
                    }
                ]
            }
        ]
    },
    {
        "dayName": "Miércoles",
        "dailyCalories": 1500,
        "dailyProtein": 72,
        "dailyCarbs": 210,
        "dailyFat": 41.4,
        "meals": [
            {
                "mealName": "Desayuno",
                "recipes": [
                    {
                        "foodOptions": [
                            {
                                "food": "5c9424bbc79d3f1163b7d003",
                                "foodName": "Leche de soya",
                                "quantity": 1,
                                "unit": "cup"
                            }
                        ]
                    },
                    {
                        "foodOptions": [
                            {
                                "food": "63457ed8066bf814918a30a9",
                                "foodName": "Tortilla con huevo con champiñones",
                                "quantity": 1,
                                "unit": "Porción"
                            }
                        ]
                    }
                ]
            },
            {
                "mealName": "Almuerzo",
                "recipes": [
                    {
                        "foodOptions": [
                            {
                                "food": "61ae7b85b7721ea970184506",
                                "foodName": "Berenjenas con tomate y queso al horno",
                                "quantity": 1,
                                "unit": "Porción"
                            }
                        ]
                    },
                    {
                        "foodOptions": [
                            {
                                "food": "64c1fd89fda5fd6f1aa39817",
                                "foodName": "Dátiles delicia",
                                "quantity": 1,
                                "unit": "Porción"
                            }
                        ]
                    }
                ]
            },
            {
                "mealName": "Cena",
                "recipes": [
                    {
                        "foodOptions": [
                            {
                                "food": "61ae7b85b7721ea970184506",
                                "foodName": "Berenjenas con tomate y queso al horno",
                                "quantity": 1,
                                "unit": "Porción"
                            }
                        ]
                    },
                    {
                        "foodOptions": [
                            {
                                "food": "64c1fa63fda5fd6f1aa396b0",
                                "foodName": "Guacamole",
                                "quantity": 1,
                                "unit": "Porción"
                            }
                        ]
                    }
                ]
            }
        ]
    },
    {
        "dayName": "Jueves",
        "dailyCalories": 1500,
        "dailyProtein": 72,
        "dailyCarbs": 210,
        "dailyFat": 41.4,
        "meals": [
            {
                "mealName": "Desayuno",
                "recipes": [
                    {
                        "foodOptions": [
                            {
                                "food": "634572ed414aa90400af2b66",
                                "foodName": "Tortilla con espinacas y mozarella",
                                "quantity": 1,
                                "unit": "Porción"
                            }
                        ]
                    }
                ]
            },
            {
                "mealName": "Almuerzo",
                "recipes": [
                    {
                        "foodOptions": [
                            {
                                "food": "61ae7b85b7721ea970184506",
                                "foodName": "Berenjenas con tomate y queso al horno",
                                "quantity": 1,
                                "unit": "Porción"
                            }
                        ]
                    },
                    {
                        "foodOptions": [
                            {
                                "food": "64c1fa63fda5fd6f1aa396b0",
                                "foodName": "Guacamole",
                                "quantity": 1,
                                "unit": "Porción"
                            }
                        ]
                    }
                ]
            },
            {
                "mealName": "Cena",
                "recipes": [
                    {
                        "foodOptions": [
                            {
                                "food": "64c1fd89fda5fd6f1aa39817",
                                "foodName": "Dátiles delicia",
                                "quantity": 1,
                                "unit": "Porción"
                            }
                        ]
                    },
                    {
                        "foodOptions": [
                            {
                                "food": "61ae7b85b7721ea970184506",
                                "foodName": "Berenjenas con tomate y queso al horno",
                                "quantity": 1,
                                "unit": "Porción"
                            }
                        ]
                    }
                ]
            }
        ]
    },
    {
        "dayName": "Viernes",
        "dailyCalories": 1500,
        "dailyProtein": 72,
        "dailyCarbs": 210,
        "dailyFat": 41.4,
        "meals": [
            {
                "mealName": "Desayuno",
                "recipes": [
                    {
                        "foodOptions": [
                            {
                                "food": "5c9424bbc79d3f1163b7d003",
                                "foodName": "Leche de soya",
                                "quantity": 1,
                                "unit": "cup"
                            }
                        ]
                    },
                    {
                        "foodOptions": [
                            {
                                "food": "63457ed8066bf814918a30a9",
                                "foodName": "Tortilla con huevo con champiñones",
                                "quantity": 1,
                                "unit": "Porción"
                            }
                        ]
                    }
                ]
            },
            {
                "mealName": "Almuerzo",
                "recipes": [
                    {
                        "foodOptions": [
                            {
                                "food": "64b23d2d158bbf9c48f8eb43",
                                "foodName": "Tofu frito con salsa de soja",
                                "quantity": 1,
                                "unit": "Porción"
                            }
                        ]
                    },
                    {
                        "foodOptions": [
                            {
                                "food": "61eb0df29c52f2a087a385d7",
                                "foodName": "Tortilla de claras con berenjena",
                                "quantity": 1,
                                "unit": "Porción"
                            }
                        ]
                    }
                ]
            },
            {
                "mealName": "Cena",
                "recipes": [
                    {
                        "foodOptions": [
                            {
                                "food": "61ae7b85b7721ea970184506",
                                "foodName": "Berenjenas con tomate y queso al horno",
                                "quantity": 1,
                                "unit": "Porción"
                            }
                        ]
                    },
                    {
                        "foodOptions": [
                            {
                                "food": "64c1fd89fda5fd6f1aa39817",
                                "foodName": "Dátiles delicia",
                                "quantity": 1,
                                "unit": "Porción"
                            }
                        ]
                    }
                ]
            }
        ]
    },
    {
        "dayName": "Sábado",
        "dailyCalories": 1500,
        "dailyProtein": 72,
        "dailyCarbs": 210,
        "dailyFat": 41.4,
        "meals": [
            {
                "mealName": "Desayuno",
                "recipes": [
                    {
                        "foodOptions": [
                            {
                                "food": "63457ed8066bf814918a30a9",
                                "foodName": "Tortilla con huevo con champiñones",
                                "quantity": 1,
                                "unit": "Porción"
                            }
                        ]
                    },
                    {
                        "foodOptions": [
                            {
                                "food": "5c9424bbc79d3f1163b7d003",
                                "foodName": "Leche de soya",
                                "quantity": 1,
                                "unit": "cup"
                            }
                        ]
                    }
                ]
            },
            {
                "mealName": "Almuerzo",
                "recipes": [
                    {
                        "foodOptions": [
                            {
                                "food": "61ae7b85b7721ea970184506",
                                "foodName": "Berenjenas con tomate y queso al horno",
                                "quantity": 1,
                                "unit": "Porción"
                            }
                        ]
                    },
                    {
                        "foodOptions": [
                            {
                                "food": "64c1fd89fda5fd6f1aa39817",
                                "foodName": "Dátiles delicia",
                                "quantity": 1,
                                "unit": "Porción"
                            }
                        ]
                    }
                ]
            },
            {
                "mealName": "Cena",
                "recipes": [
                    {
                        "foodOptions": [
                            {
                                "food": "61ad89e9b7721ea97011e8e1",
                                "foodName": "Berenjenas a la plancha",
                                "quantity": 1,
                                "unit": "Porción"
                            }
                        ]
                    },
                    {
                        "foodOptions": [
                            {
                                "food": "64b23d2d158bbf9c48f8eb43",
                                "foodName": "Tofu frito con salsa de soja",
                                "quantity": 1,
                                "unit": "Porción"
                            }
                        ]
                    }
                ]
            }
        ]
    },
    {
        "dayName": "Domingo",
        "dailyCalories": 1500,
        "dailyProtein": 72,
        "dailyCarbs": 210,
        "dailyFat": 41.4,
        "meals": [
            {
                "mealName": "Desayuno",
                "recipes": [
                    {
                        "foodOptions": [
                            {
                                "food": "5c9424bbc79d3f1163b7d003",
                                "foodName": "Leche de soya",
                                "quantity": 1,
                                "unit": "cup"
                            }
                        ]
                    },
                    {
                        "foodOptions": [
                            {
                                "food": "63457ed8066bf814918a30a9",
                                "foodName": "Tortilla con huevo con champiñones",
                                "quantity": 1,
                                "unit": "Porción"
                            }
                        ]
                    }
                ]
            },
            {
                "mealName": "Almuerzo",
                "recipes": [
                    {
                        "foodOptions": [
                            {
                                "food": "64b23d2d158bbf9c48f8eb43",
                                "foodName": "Tofu frito con salsa de soja",
                                "quantity": 1,
                                "unit": "Porción"
                            }
                        ]
                    },
                    {
                        "foodOptions": [
                            {
                                "food": "61ad89e9b7721ea97011e8e1",
                                "foodName": "Berenjenas a la plancha",
                                "quantity": 1,
                                "unit": "Porción"
                            }
                        ]
                    }
                ]
            },
            {
                "mealName": "Cena",
                "recipes": [
                    {
                        "foodOptions": [
                            {
                                "food": "61ad89e9b7721ea97011e8e1",
                                "foodName": "Berenjenas a la plancha",
                                "quantity": 1,
                                "unit": "Porción"
                            }
                        ]
                    },
                    {
                        "foodOptions": [
                            {
                                "food": "64b23d2d158bbf9c48f8eb43",
                                "foodName": "Tofu frito con salsa de soja",
                                "quantity": 1,
                                "unit": "Porción"
                            }
                        ]
                    }
                ]
            }
        ]
    }
]