[
    {
        "dayName": "Lunes",
        "Objective Calories": 1500,
        "Objective Protein": 72,
        "Objective Carbs": 210,
        "Objective Fat": 41.4,
        "MealPlan Calories": 1506.030686649,
        "MealPlan Proteins": 70.132510636,
        "MealPlan Carbs": 224.12174617099998,
        "MealPlan Fat": 36.557073269
    },
    {
        "dayName": "Martes",
        "Objective Calories": 1500,
        "Objective Protein": 72,
        "Objective Carbs": 210,
        "Objective Fat": 41.4,
        "MealPlan Calories": 1579.2259634299999,
        "MealPlan Proteins": 60.61260557999999,
        "MealPlan Carbs": 224.57482481,
        "MealPlan Fat": 48.71958243
    },
    {
        "dayName": "Miércoles",
        "Objective Calories": 1500,
        "Objective Protein": 72,
        "Objective Carbs": 210,
        "Objective Fat": 41.4,
        "MealPlan Calories": 1517.6331079299998,
        "MealPlan Proteins": 59.92523306,
        "MealPlan Carbs": 220.69347983,
        "MealPlan Fat": 43.90647292999999
    },
    {
        "dayName": "Jueves",
        "Objective Calories": 1500,
        "Objective Protein": 72,
        "Objective Carbs": 210,
        "Objective Fat": 41.4,
        "MealPlan Calories": 1533.849249335,
        "MealPlan Proteins": 62.581075935,
        "MealPlan Carbs": 213.09586661,
        "MealPlan Fat": 47.904608795
    },
    {
        "dayName": "Viernes",
        "Objective Calories": 1500,
        "Objective Protein": 72,
        "Objective Carbs": 210,
        "Objective Fat": 41.4,
        "MealPlan Calories": 1483.13454233,
        "MealPlan Proteins": 60.16208972,
        "MealPlan Carbs": 219.496196775,
        "MealPlan Fat": 40.50015515
    },
    {
        "dayName": "Sábado",
        "Objective Calories": 1500,
        "Objective Protein": 72,
        "Objective Carbs": 210,
        "Objective Fat": 41.4,
        "MealPlan Calories": 1548.4295356799998,
        "MealPlan Proteins": 60.268919319999995,
        "MealPlan Carbs": 222.63415232,
        "MealPlan Fat": 46.31302768
    },
    {
        "dayName": "Domingo",
        "Objective Calories": 1500,
        "Objective Protein": 72,
        "Objective Carbs": 210,
        "Objective Fat": 41.4,
        "MealPlan Calories": 1520.992326305,
        "MealPlan Proteins": 62.765165715,
        "MealPlan Carbs": 213.3860525,
        "MealPlan Fat": 46.265272605
    }
]