[
    {
        "dayName": "Lunes",
        "dailyCalories": 1500,
        "dailyProtein": 72,
        "dailyCarbs": 210,
        "dailyFat": 41.4,
        "meals": [
            {
                "mealName": "Desayuno",
                "recipes": [
                    {
                        "foodOptions": [
                            {
                                "food": "64c1ff94fda5fd6f1aa39902",
                                "foodName": "Sándwich de aguacate y espinacas",
                                "quantity": 1,
                                "unit": "Porción"
                            }
                        ]
                    }
                ]
            },
            {
                "mealName": "Almuerzo",
                "recipes": [
                    {
                        "foodOptions": [
                            {
                                "food": "64b9db1f7fe00c2c5ef02712",
                                "foodName": "Burrito vegano",
                                "quantity": 1,
                                "unit": "Porción"
                            }
                        ]
                    }
                ]
            },
            {
                "mealName": "Cena",
                "recipes": [
                    {
                        "foodOptions": [
                            {
                                "food": "64b9db1f7fe00c2c5ef02712",
                                "foodName": "Burrito vegano",
                                "quantity": 1,
                                "unit": "Porción"
                            }
                        ]
                    }
                ]
            }
        ]
    },
    {
        "dayName": "Martes",
        "dailyCalories": 1500,
        "dailyProtein": 72,
        "dailyCarbs": 210,
        "dailyFat": 41.4,
        "meals": [
            {
                "mealName": "Desayuno",
                "recipes": [
                    {
                        "foodOptions": [
                            {
                                "food": "61b6d818b7721ea9704b6549",
                                "foodName": "Pancakes sin harina",
                                "quantity": 1,
                                "unit": "Porción"
                            }
                        ]
                    },
                    {
                        "foodOptions": [
                            {
                                "food": "62328fb500ccb7594391a6c9",
                                "foodName": "Mini sándwich vegano",
                                "quantity": 1,
                                "unit": "Porción"
                            }
                        ]
                    }
                ]
            },
            {
                "mealName": "Almuerzo",
                "recipes": [
                    {
                        "foodOptions": [
                            {
                                "food": "64c1e36aa468a6a09df9c4d7",
                                "foodName": "Avena con canela y frutas",
                                "quantity": 1,
                                "unit": "Porción"
                            }
                        ]
                    },
                    {
                        "foodOptions": [
                            {
                                "food": "61eaf58c0317905d325bf431",
                                "foodName": "Hamburguesa de rape y salmón",
                                "quantity": 1,
                                "unit": "Porción"
                            }
                        ]
                    }
                ]
            },
            {
                "mealName": "Cena",
                "recipes": [
                    {
                        "foodOptions": [
                            {
                                "food": "64b9db1f7fe00c2c5ef02712",
                                "foodName": "Burrito vegano",
                                "quantity": 1,
                                "unit": "Porción"
                            }
                        ]
                    }
                ]
            }
        ]
    },
    {
        "dayName": "Miércoles",
        "dailyCalories": 1500,
        "dailyProtein": 72,
        "dailyCarbs": 210,
        "dailyFat": 41.4,
        "meals": [
            {
                "mealName": "Desayuno",
                "recipes": [
                    {
                        "foodOptions": [
                            {
                                "food": "64c1ff94fda5fd6f1aa39902",
                                "foodName": "Sándwich de aguacate y espinacas",
                                "quantity": 1,
                                "unit": "Porción"
                            }
                        ]
                    }
                ]
            },
            {
                "mealName": "Almuerzo",
                "recipes": [
                    {
                        "foodOptions": [
                            {
                                "food": "5c9424a7c79d3f1163b7bdbb",
                                "foodName": "Queso edam",
                                "quantity": 2,
                                "unit": "slice"
                            }
                        ]
                    },
                    {
                        "foodOptions": [
                            {
                                "food": "5dffb1c2ca8dda001e50b540",
                                "foodName": "Langostinos con arroz a la tailandesa",
                                "quantity": 1,
                                "unit": "Porción"
                            }
                        ]
                    }
                ]
            },
            {
                "mealName": "Cena",
                "recipes": [
                    {
                        "foodOptions": [
                            {
                                "food": "64b9db1f7fe00c2c5ef02712",
                                "foodName": "Burrito vegano",
                                "quantity": 1,
                                "unit": "Porción"
                            }
                        ]
                    }
                ]
            }
        ]
    },
    {
        "dayName": "Jueves",
        "dailyCalories": 1500,
        "dailyProtein": 72,
        "dailyCarbs": 210,
        "dailyFat": 41.4,
        "meals": [
            {
                "mealName": "Desayuno",
                "recipes": [
                    {
                        "foodOptions": [
                            {
                                "food": "61b6d818b7721ea9704b6549",
                                "foodName": "Pancakes sin harina",
                                "quantity": 1,
                                "unit": "Porción"
                            }
                        ]
                    },
                    {
                        "foodOptions": [
                            {
                                "food": "62328fb500ccb7594391a6c9",
                                "foodName": "Mini sándwich vegano",
                                "quantity": 1,
                                "unit": "Porción"
                            }
                        ]
                    }
                ]
            },
            {
                "mealName": "Almuerzo",
                "recipes": [
                    {
                        "foodOptions": [
                            {
                                "food": "64b9db1f7fe00c2c5ef02712",
                                "foodName": "Burrito vegano",
                                "quantity": 1,
                                "unit": "Porción"
                            }
                        ]
                    }
                ]
            },
            {
                "mealName": "Cena",
                "recipes": [
                    {
                        "foodOptions": [
                            {
                                "food": "64c1ff58fda5fd6f1aa398e0",
                                "foodName": "Tostada con salsa de yogur con hierbas",
                                "quantity": 1,
                                "unit": "Porción"
                            }
                        ]
                    },
                    {
                        "foodOptions": [
                            {
                                "food": "63486bc02e2b63ecbd29e0e1",
                                "foodName": "Smoothie de plátano y piña",
                                "quantity": 1,
                                "unit": "Porción"
                            }
                        ]
                    }
                ]
            }
        ]
    },
    {
        "dayName": "Viernes",
        "dailyCalories": 1500,
        "dailyProtein": 72,
        "dailyCarbs": 210,
        "dailyFat": 41.4,
        "meals": [
            {
                "mealName": "Desayuno",
                "recipes": [
                    {
                        "foodOptions": [
                            {
                                "food": "62328fb500ccb7594391a6c9",
                                "foodName": "Mini sándwich vegano",
                                "quantity": 1,
                                "unit": "Porción"
                            }
                        ]
                    },
                    {
                        "foodOptions": [
                            {
                                "food": "61b6d818b7721ea9704b6549",
                                "foodName": "Pancakes sin harina",
                                "quantity": 1,
                                "unit": "Porción"
                            }
                        ]
                    }
                ]
            },
            {
                "mealName": "Almuerzo",
                "recipes": [
                    {
                        "foodOptions": [
                            {
                                "food": "64b9db1f7fe00c2c5ef02712",
                                "foodName": "Burrito vegano",
                                "quantity": 1,
                                "unit": "Porción"
                            }
                        ]
                    }
                ]
            },
            {
                "mealName": "Cena",
                "recipes": [
                    {
                        "foodOptions": [
                            {
                                "food": "64b9db1f7fe00c2c5ef02712",
                                "foodName": "Burrito vegano",
                                "quantity": 1,
                                "unit": "Porción"
                            }
                        ]
                    }
                ]
            }
        ]
    },
    {
        "dayName": "Sábado",
        "dailyCalories": 1500,
        "dailyProtein": 72,
        "dailyCarbs": 210,
        "dailyFat": 41.4,
        "meals": [
            {
                "mealName": "Desayuno",
                "recipes": [
                    {
                        "foodOptions": [
                            {
                                "food": "64c1ff94fda5fd6f1aa39902",
                                "foodName": "Sándwich de aguacate y espinacas",
                                "quantity": 1,
                                "unit": "Porción"
                            }
                        ]
                    }
                ]
            },
            {
                "mealName": "Almuerzo",
                "recipes": [
                    {
                        "foodOptions": [
                            {
                                "food": "64b9db1f7fe00c2c5ef02712",
                                "foodName": "Burrito vegano",
                                "quantity": 1,
                                "unit": "Porción"
                            }
                        ]
                    }
                ]
            },
            {
                "mealName": "Cena",
                "recipes": [
                    {
                        "foodOptions": [
                            {
                                "food": "64b9db1f7fe00c2c5ef02712",
                                "foodName": "Burrito vegano",
                                "quantity": 1,
                                "unit": "Porción"
                            }
                        ]
                    }
                ]
            }
        ]
    },
    {
        "dayName": "Domingo",
        "dailyCalories": 1500,
        "dailyProtein": 72,
        "dailyCarbs": 210,
        "dailyFat": 41.4,
        "meals": [
            {
                "mealName": "Desayuno",
                "recipes": [
                    {
                        "foodOptions": [
                            {
                                "food": "64c1ff94fda5fd6f1aa39902",
                                "foodName": "Sándwich de aguacate y espinacas",
                                "quantity": 1,
                                "unit": "Porción"
                            }
                        ]
                    }
                ]
            },
            {
                "mealName": "Almuerzo",
                "recipes": [
                    {
                        "foodOptions": [
                            {
                                "food": "64b9c9d2f5ab96a51d48f8db",
                                "foodName": "Burrito de frijoles negros",
                                "quantity": 1,
                                "unit": "Porción"
                            }
                        ]
                    }
                ]
            },
            {
                "mealName": "Cena",
                "recipes": [
                    {
                        "foodOptions": [
                            {
                                "food": "64b9db1f7fe00c2c5ef02712",
                                "foodName": "Burrito vegano",
                                "quantity": 1,
                                "unit": "Porción"
                            }
                        ]
                    }
                ]
            }
        ]
    }
]