[
    {
        "dayName": "Lunes",
        "Objective Calories": 1500,
        "Objective Protein": 72,
        "Objective Carbs": 210,
        "Objective Fat": 41.4,
        "MealPlan Calories": 1517.6331079299998,
        "MealPlan Proteins": 59.92523306,
        "MealPlan Carbs": 220.69347983,
        "MealPlan Fat": 43.90647292999999
    },
    {
        "dayName": "Martes",
        "Objective Calories": 1500,
        "Objective Protein": 72,
        "Objective Carbs": 210,
        "Objective Fat": 41.4,
        "MealPlan Calories": 1516.1001945199998,
        "MealPlan Proteins": 69.54244820000001,
        "MealPlan Carbs": 239.83656396599997,
        "MealPlan Fat": 30.953793983999997
    },
    {
        "dayName": "Miércoles",
        "Objective Calories": 1500,
        "Objective Protein": 72,
        "Objective Carbs": 210,
        "Objective Fat": 41.4,
        "MealPlan Calories": 1429.2402229549998,
        "MealPlan Proteins": 63.053424144999994,
        "MealPlan Carbs": 198.22735516,
        "MealPlan Fat": 42.679678415
    },
    {
        "dayName": "Jueves",
        "Objective Calories": 1500,
        "Objective Protein": 72,
        "Objective Carbs": 210,
        "Objective Fat": 41.4,
        "MealPlan Calories": 1496.5136745599998,
        "MealPlan Proteins": 59.12666197,
        "MealPlan Carbs": 233.559820526,
        "MealPlan Fat": 36.19641606399999
    },
    {
        "dayName": "Viernes",
        "Objective Calories": 1500,
        "Objective Protein": 72,
        "Objective Carbs": 210,
        "Objective Fat": 41.4,
        "MealPlan Calories": 1522.8695801099998,
        "MealPlan Proteins": 64.88888538,
        "MealPlan Carbs": 232.752189456,
        "MealPlan Fat": 36.92280897399999
    },
    {
        "dayName": "Sábado",
        "Objective Calories": 1500,
        "Objective Protein": 72,
        "Objective Carbs": 210,
        "Objective Fat": 41.4,
        "MealPlan Calories": 1517.6331079299998,
        "MealPlan Proteins": 59.92523306,
        "MealPlan Carbs": 220.69347983,
        "MealPlan Fat": 43.90647292999999
    },
    {
        "dayName": "Domingo",
        "Objective Calories": 1500,
        "Objective Protein": 72,
        "Objective Carbs": 210,
        "Objective Fat": 41.4,
        "MealPlan Calories": 1548.4295356799998,
        "MealPlan Proteins": 60.268919319999995,
        "MealPlan Carbs": 222.63415232,
        "MealPlan Fat": 46.31302768
    }
]