[
    {
        "dayName": "Lunes",
        "dailyCalories": 1500,
        "dailyProtein": 72,
        "dailyCarbs": 210,
        "dailyFat": 41.4,
        "meals": [
            {
                "mealName": "Desayuno",
                "recipes": [
                    {
                        "foodOptions": [
                            {
                                "food": "64c1ff94fda5fd6f1aa39902",
                                "foodName": "Sándwich de aguacate y espinacas",
                                "quantity": 1,
                                "unit": "Porción"
                            }
                        ]
                    }
                ]
            },
            {
                "mealName": "Almuerzo",
                "recipes": [
                    {
                        "foodOptions": [
                            {
                                "food": "64b9db1f7fe00c2c5ef02712",
                                "foodName": "Burrito vegano",
                                "quantity": 1,
                                "unit": "Porción"
                            }
                        ]
                    }
                ]
            },
            {
                "mealName": "Cena",
                "recipes": [
                    {
                        "foodOptions": [
                            {
                                "food": "64b9c9d2f5ab96a51d48f8db",
                                "foodName": "Burrito de frijoles negros",
                                "quantity": 1,
                                "unit": "Porción"
                            }
                        ]
                    }
                ]
            }
        ]
    },
    {
        "dayName": "Martes",
        "dailyCalories": 1500,
        "dailyProtein": 72,
        "dailyCarbs": 210,
        "dailyFat": 41.4,
        "meals": [
            {
                "mealName": "Desayuno",
                "recipes": [
                    {
                        "foodOptions": [
                            {
                                "food": "64c1ff94fda5fd6f1aa39902",
                                "foodName": "Sándwich de aguacate y espinacas",
                                "quantity": 1,
                                "unit": "Porción"
                            }
                        ]
                    }
                ]
            },
            {
                "mealName": "Almuerzo",
                "recipes": [
                    {
                        "foodOptions": [
                            {
                                "food": "64b9c9d2f5ab96a51d48f8db",
                                "foodName": "Burrito de frijoles negros",
                                "quantity": 1,
                                "unit": "Porción"
                            }
                        ]
                    }
                ]
            },
            {
                "mealName": "Cena",
                "recipes": [
                    {
                        "foodOptions": [
                            {
                                "food": "64b9db1f7fe00c2c5ef02712",
                                "foodName": "Burrito vegano",
                                "quantity": 1,
                                "unit": "Porción"
                            }
                        ]
                    }
                ]
            }
        ]
    },
    {
        "dayName": "Miércoles",
        "dailyCalories": 1500,
        "dailyProtein": 72,
        "dailyCarbs": 210,
        "dailyFat": 41.4,
        "meals": [
            {
                "mealName": "Desayuno",
                "recipes": [
                    {
                        "foodOptions": [
                            {
                                "food": "64c1ff94fda5fd6f1aa39902",
                                "foodName": "Sándwich de aguacate y espinacas",
                                "quantity": 1,
                                "unit": "Porción"
                            }
                        ]
                    }
                ]
            },
            {
                "mealName": "Almuerzo",
                "recipes": [
                    {
                        "foodOptions": [
                            {
                                "food": "64b9c9d2f5ab96a51d48f8db",
                                "foodName": "Burrito de frijoles negros",
                                "quantity": 1,
                                "unit": "Porción"
                            }
                        ]
                    }
                ]
            },
            {
                "mealName": "Cena",
                "recipes": [
                    {
                        "foodOptions": [
                            {
                                "food": "64b9db1f7fe00c2c5ef02712",
                                "foodName": "Burrito vegano",
                                "quantity": 1,
                                "unit": "Porción"
                            }
                        ]
                    }
                ]
            }
        ]
    },
    {
        "dayName": "Jueves",
        "dailyCalories": 1500,
        "dailyProtein": 72,
        "dailyCarbs": 210,
        "dailyFat": 41.4,
        "meals": [
            {
                "mealName": "Desayuno",
                "recipes": [
                    {
                        "foodOptions": [
                            {
                                "food": "64c1ff94fda5fd6f1aa39902",
                                "foodName": "Sándwich de aguacate y espinacas",
                                "quantity": 1,
                                "unit": "Porción"
                            }
                        ]
                    }
                ]
            },
            {
                "mealName": "Almuerzo",
                "recipes": [
                    {
                        "foodOptions": [
                            {
                                "food": "64b9db1f7fe00c2c5ef02712",
                                "foodName": "Burrito vegano",
                                "quantity": 1,
                                "unit": "Porción"
                            }
                        ]
                    }
                ]
            },
            {
                "mealName": "Cena",
                "recipes": [
                    {
                        "foodOptions": [
                            {
                                "food": "64c1f283b5aeb59a7a089067",
                                "foodName": "Sándwich de tofu y palta",
                                "quantity": 1,
                                "unit": "Porción"
                            }
                        ]
                    },
                    {
                        "foodOptions": [
                            {
                                "food": "61ae77213a0d20fe8237d253",
                                "foodName": "Galletas de avena y plátano (banano)",
                                "quantity": 1,
                                "unit": "Porción"
                            }
                        ]
                    }
                ]
            }
        ]
    },
    {
        "dayName": "Viernes",
        "dailyCalories": 1500,
        "dailyProtein": 72,
        "dailyCarbs": 210,
        "dailyFat": 41.4,
        "meals": [
            {
                "mealName": "Desayuno",
                "recipes": [
                    {
                        "foodOptions": [
                            {
                                "food": "64c1ff94fda5fd6f1aa39902",
                                "foodName": "Sándwich de aguacate y espinacas",
                                "quantity": 1,
                                "unit": "Porción"
                            }
                        ]
                    }
                ]
            },
            {
                "mealName": "Almuerzo",
                "recipes": [
                    {
                        "foodOptions": [
                            {
                                "food": "64b9c9d2f5ab96a51d48f8db",
                                "foodName": "Burrito de frijoles negros",
                                "quantity": 1,
                                "unit": "Porción"
                            }
                        ]
                    }
                ]
            },
            {
                "mealName": "Cena",
                "recipes": [
                    {
                        "foodOptions": [
                            {
                                "food": "64b9db1f7fe00c2c5ef02712",
                                "foodName": "Burrito vegano",
                                "quantity": 1,
                                "unit": "Porción"
                            }
                        ]
                    }
                ]
            }
        ]
    },
    {
        "dayName": "Sábado",
        "dailyCalories": 1500,
        "dailyProtein": 72,
        "dailyCarbs": 210,
        "dailyFat": 41.4,
        "meals": [
            {
                "mealName": "Desayuno",
                "recipes": [
                    {
                        "foodOptions": [
                            {
                                "food": "64c1ff94fda5fd6f1aa39902",
                                "foodName": "Sándwich de aguacate y espinacas",
                                "quantity": 1,
                                "unit": "Porción"
                            }
                        ]
                    }
                ]
            },
            {
                "mealName": "Almuerzo",
                "recipes": [
                    {
                        "foodOptions": [
                            {
                                "food": "64b9c9d2f5ab96a51d48f8db",
                                "foodName": "Burrito de frijoles negros",
                                "quantity": 1,
                                "unit": "Porción"
                            }
                        ]
                    }
                ]
            },
            {
                "mealName": "Cena",
                "recipes": [
                    {
                        "foodOptions": [
                            {
                                "food": "64b9db1f7fe00c2c5ef02712",
                                "foodName": "Burrito vegano",
                                "quantity": 1,
                                "unit": "Porción"
                            }
                        ]
                    }
                ]
            }
        ]
    },
    {
        "dayName": "Domingo",
        "dailyCalories": 1500,
        "dailyProtein": 72,
        "dailyCarbs": 210,
        "dailyFat": 41.4,
        "meals": [
            {
                "mealName": "Desayuno",
                "recipes": [
                    {
                        "foodOptions": [
                            {
                                "food": "64c1ff94fda5fd6f1aa39902",
                                "foodName": "Sándwich de aguacate y espinacas",
                                "quantity": 1,
                                "unit": "Porción"
                            }
                        ]
                    }
                ]
            },
            {
                "mealName": "Almuerzo",
                "recipes": [
                    {
                        "foodOptions": [
                            {
                                "food": "64b9db1f7fe00c2c5ef02712",
                                "foodName": "Burrito vegano",
                                "quantity": 1,
                                "unit": "Porción"
                            }
                        ]
                    }
                ]
            },
            {
                "mealName": "Cena",
                "recipes": [
                    {
                        "foodOptions": [
                            {
                                "food": "64b9db1f7fe00c2c5ef02712",
                                "foodName": "Burrito vegano",
                                "quantity": 1,
                                "unit": "Porción"
                            }
                        ]
                    }
                ]
            }
        ]
    }
]