[
    {
        "dayName": "Lunes",
        "Objective Calories": 1500,
        "Objective Protein": 72,
        "Objective Carbs": 210,
        "Objective Fat": 41.4,
        "MealPlan Calories": 1548.4295356799998,
        "MealPlan Proteins": 60.268919319999995,
        "MealPlan Carbs": 222.63415232,
        "MealPlan Fat": 46.31302768
    },
    {
        "dayName": "Martes",
        "Objective Calories": 1500,
        "Objective Protein": 72,
        "Objective Carbs": 210,
        "Objective Fat": 41.4,
        "MealPlan Calories": 1547.147978323,
        "MealPlan Proteins": 64.110009255,
        "MealPlan Carbs": 220.61258834199998,
        "MealPlan Fat": 45.361954215
    },
    {
        "dayName": "Miércoles",
        "Objective Calories": 1500,
        "Objective Protein": 72,
        "Objective Carbs": 210,
        "Objective Fat": 41.4,
        "MealPlan Calories": 1548.4295356799998,
        "MealPlan Proteins": 60.268919319999995,
        "MealPlan Carbs": 222.63415232,
        "MealPlan Fat": 46.31302768
    },
    {
        "dayName": "Jueves",
        "Objective Calories": 1500,
        "Objective Protein": 72,
        "Objective Carbs": 210,
        "Objective Fat": 41.4,
        "MealPlan Calories": 1592.2779833599998,
        "MealPlan Proteins": 68.254045015,
        "MealPlan Carbs": 226.590760321,
        "MealPlan Fat": 45.877640224
    },
    {
        "dayName": "Viernes",
        "Objective Calories": 1500,
        "Objective Protein": 72,
        "Objective Carbs": 210,
        "Objective Fat": 41.4,
        "MealPlan Calories": 1528.1163595899998,
        "MealPlan Proteins": 64.02394523999999,
        "MealPlan Carbs": 207.25087603,
        "MealPlan Fat": 49.22411939
    },
    {
        "dayName": "Sábado",
        "Objective Calories": 1500,
        "Objective Protein": 72,
        "Objective Carbs": 210,
        "Objective Fat": 41.4,
        "MealPlan Calories": 1548.4295356799998,
        "MealPlan Proteins": 60.268919319999995,
        "MealPlan Carbs": 222.63415232,
        "MealPlan Fat": 46.31302768
    },
    {
        "dayName": "Domingo",
        "Objective Calories": 1500,
        "Objective Protein": 72,
        "Objective Carbs": 210,
        "Objective Fat": 41.4,
        "MealPlan Calories": 1553.6660078599998,
        "MealPlan Proteins": 65.23257164,
        "MealPlan Carbs": 234.692861946,
        "MealPlan Fat": 39.329363724
    }
]