[
    {
        "dayName": "Lunes",
        "dailyCalories": 1500,
        "dailyProtein": 72,
        "dailyCarbs": 210,
        "dailyFat": 41.4,
        "meals": [
            {
                "mealName": "Desayuno",
                "recipes": [
                    {
                        "foodOptions": [
                            {
                                "food": "633f1daed0618690206ea260",
                                "foodName": "Pan con mantequilla",
                                "quantity": 1,
                                "unit": "Porción"
                            }
                        ]
                    },
                    {
                        "foodOptions": [
                            {
                                "food": "634570f5066bf8149187d64e",
                                "foodName": "Sandwich de claras y espinaca",
                                "quantity": 1,
                                "unit": "Porción"
                            }
                        ]
                    }
                ]
            },
            {
                "mealName": "Almuerzo",
                "recipes": [
                    {
                        "foodOptions": [
                            {
                                "food": "64b9db1f7fe00c2c5ef02712",
                                "foodName": "Burrito vegano",
                                "quantity": 1,
                                "unit": "Porción"
                            }
                        ]
                    }
                ]
            },
            {
                "mealName": "Cena",
                "recipes": [
                    {
                        "foodOptions": [
                            {
                                "food": "64b9db1f7fe00c2c5ef02712",
                                "foodName": "Burrito vegano",
                                "quantity": 1,
                                "unit": "Porción"
                            }
                        ]
                    }
                ]
            }
        ]
    },
    {
        "dayName": "Martes",
        "dailyCalories": 1500,
        "dailyProtein": 72,
        "dailyCarbs": 210,
        "dailyFat": 41.4,
        "meals": [
            {
                "mealName": "Desayuno",
                "recipes": [
                    {
                        "foodOptions": [
                            {
                                "food": "64c1ff94fda5fd6f1aa39902",
                                "foodName": "Sándwich de aguacate y espinacas",
                                "quantity": 1,
                                "unit": "Porción"
                            }
                        ]
                    }
                ]
            },
            {
                "mealName": "Almuerzo",
                "recipes": [
                    {
                        "foodOptions": [
                            {
                                "food": "61f713ca1816282f43fa56be",
                                "foodName": "Pita de pollo asado",
                                "quantity": 1,
                                "unit": "Porción"
                            }
                        ]
                    },
                    {
                        "foodOptions": [
                            {
                                "food": "63486bc02e2b63ecbd29e0e1",
                                "foodName": "Smoothie de plátano y piña",
                                "quantity": 1,
                                "unit": "Porción"
                            }
                        ]
                    }
                ]
            },
            {
                "mealName": "Cena",
                "recipes": [
                    {
                        "foodOptions": [
                            {
                                "food": "64b9db1f7fe00c2c5ef02712",
                                "foodName": "Burrito vegano",
                                "quantity": 1,
                                "unit": "Porción"
                            }
                        ]
                    }
                ]
            }
        ]
    },
    {
        "dayName": "Miércoles",
        "dailyCalories": 1500,
        "dailyProtein": 72,
        "dailyCarbs": 210,
        "dailyFat": 41.4,
        "meals": [
            {
                "mealName": "Desayuno",
                "recipes": [
                    {
                        "foodOptions": [
                            {
                                "food": "64c1ff94fda5fd6f1aa39902",
                                "foodName": "Sándwich de aguacate y espinacas",
                                "quantity": 1,
                                "unit": "Porción"
                            }
                        ]
                    }
                ]
            },
            {
                "mealName": "Almuerzo",
                "recipes": [
                    {
                        "foodOptions": [
                            {
                                "food": "64b9c9d2f5ab96a51d48f8db",
                                "foodName": "Burrito de frijoles negros",
                                "quantity": 1,
                                "unit": "Porción"
                            }
                        ]
                    }
                ]
            },
            {
                "mealName": "Cena",
                "recipes": [
                    {
                        "foodOptions": [
                            {
                                "food": "64b9db1f7fe00c2c5ef02712",
                                "foodName": "Burrito vegano",
                                "quantity": 1,
                                "unit": "Porción"
                            }
                        ]
                    }
                ]
            }
        ]
    },
    {
        "dayName": "Jueves",
        "dailyCalories": 1500,
        "dailyProtein": 72,
        "dailyCarbs": 210,
        "dailyFat": 41.4,
        "meals": [
            {
                "mealName": "Desayuno",
                "recipes": [
                    {
                        "foodOptions": [
                            {
                                "food": "633f1daed0618690206ea260",
                                "foodName": "Pan con mantequilla",
                                "quantity": 1,
                                "unit": "Porción"
                            }
                        ]
                    },
                    {
                        "foodOptions": [
                            {
                                "food": "634570f5066bf8149187d64e",
                                "foodName": "Sandwich de claras y espinaca",
                                "quantity": 1,
                                "unit": "Porción"
                            }
                        ]
                    }
                ]
            },
            {
                "mealName": "Almuerzo",
                "recipes": [
                    {
                        "foodOptions": [
                            {
                                "food": "64b9c9d2f5ab96a51d48f8db",
                                "foodName": "Burrito de frijoles negros",
                                "quantity": 1,
                                "unit": "Porción"
                            }
                        ]
                    }
                ]
            },
            {
                "mealName": "Cena",
                "recipes": [
                    {
                        "foodOptions": [
                            {
                                "food": "64b9c9d2f5ab96a51d48f8db",
                                "foodName": "Burrito de frijoles negros",
                                "quantity": 1,
                                "unit": "Porción"
                            }
                        ]
                    }
                ]
            }
        ]
    },
    {
        "dayName": "Viernes",
        "dailyCalories": 1500,
        "dailyProtein": 72,
        "dailyCarbs": 210,
        "dailyFat": 41.4,
        "meals": [
            {
                "mealName": "Desayuno",
                "recipes": [
                    {
                        "foodOptions": [
                            {
                                "food": "64c1ff94fda5fd6f1aa39902",
                                "foodName": "Sándwich de aguacate y espinacas",
                                "quantity": 1,
                                "unit": "Porción"
                            }
                        ]
                    }
                ]
            },
            {
                "mealName": "Almuerzo",
                "recipes": [
                    {
                        "foodOptions": [
                            {
                                "food": "64b9db1f7fe00c2c5ef02712",
                                "foodName": "Burrito vegano",
                                "quantity": 1,
                                "unit": "Porción"
                            }
                        ]
                    }
                ]
            },
            {
                "mealName": "Cena",
                "recipes": [
                    {
                        "foodOptions": [
                            {
                                "food": "64b9db1f7fe00c2c5ef02712",
                                "foodName": "Burrito vegano",
                                "quantity": 1,
                                "unit": "Porción"
                            }
                        ]
                    }
                ]
            }
        ]
    },
    {
        "dayName": "Sábado",
        "dailyCalories": 1500,
        "dailyProtein": 72,
        "dailyCarbs": 210,
        "dailyFat": 41.4,
        "meals": [
            {
                "mealName": "Desayuno",
                "recipes": [
                    {
                        "foodOptions": [
                            {
                                "food": "61b6d818b7721ea9704b6549",
                                "foodName": "Pancakes sin harina",
                                "quantity": 1,
                                "unit": "Porción"
                            }
                        ]
                    },
                    {
                        "foodOptions": [
                            {
                                "food": "62328fb500ccb7594391a6c9",
                                "foodName": "Mini sándwich vegano",
                                "quantity": 1,
                                "unit": "Porción"
                            }
                        ]
                    }
                ]
            },
            {
                "mealName": "Almuerzo",
                "recipes": [
                    {
                        "foodOptions": [
                            {
                                "food": "64c1f65bb5aeb59a7a089319",
                                "foodName": "Burrito vegano de frijoles negros",
                                "quantity": 1,
                                "unit": "Porción"
                            }
                        ]
                    },
                    {
                        "foodOptions": [
                            {
                                "food": "64c1fd4efda5fd6f1aa397f6",
                                "foodName": "Fresas con crema de coco",
                                "quantity": 1,
                                "unit": "Porción"
                            }
                        ]
                    }
                ]
            },
            {
                "mealName": "Cena",
                "recipes": [
                    {
                        "foodOptions": [
                            {
                                "food": "64b9db1f7fe00c2c5ef02712",
                                "foodName": "Burrito vegano",
                                "quantity": 1,
                                "unit": "Porción"
                            }
                        ]
                    }
                ]
            }
        ]
    },
    {
        "dayName": "Domingo",
        "dailyCalories": 1500,
        "dailyProtein": 72,
        "dailyCarbs": 210,
        "dailyFat": 41.4,
        "meals": [
            {
                "mealName": "Desayuno",
                "recipes": [
                    {
                        "foodOptions": [
                            {
                                "food": "634570f5066bf8149187d64e",
                                "foodName": "Sandwich de claras y espinaca",
                                "quantity": 1,
                                "unit": "Porción"
                            }
                        ]
                    },
                    {
                        "foodOptions": [
                            {
                                "food": "633f1daed0618690206ea260",
                                "foodName": "Pan con mantequilla",
                                "quantity": 1,
                                "unit": "Porción"
                            }
                        ]
                    }
                ]
            },
            {
                "mealName": "Almuerzo",
                "recipes": [
                    {
                        "foodOptions": [
                            {
                                "food": "64b9db1f7fe00c2c5ef02712",
                                "foodName": "Burrito vegano",
                                "quantity": 1,
                                "unit": "Porción"
                            }
                        ]
                    }
                ]
            },
            {
                "mealName": "Cena",
                "recipes": [
                    {
                        "foodOptions": [
                            {
                                "food": "61ae7b85b7721ea970184506",
                                "foodName": "Berenjenas con tomate y queso al horno",
                                "quantity": 1,
                                "unit": "Porción"
                            }
                        ]
                    },
                    {
                        "foodOptions": [
                            {
                                "food": "61ee093ac3b0c234f6281da4",
                                "foodName": "Hamburguesa vegetal",
                                "quantity": 1,
                                "unit": "Porción"
                            }
                        ]
                    }
                ]
            }
        ]
    }
]