[
    {
        "dayName": "Lunes",
        "dailyCalories": 1500,
        "dailyProtein": 72,
        "dailyCarbs": 210,
        "dailyFat": 41.4,
        "meals": [
            {
                "mealName": "Desayuno",
                "recipes": [
                    {
                        "foodOptions": [
                            {
                                "food": "5c9424bbc79d3f1163b7d003",
                                "foodName": "Leche de soya",
                                "quantity": 1,
                                "unit": "cup"
                            }
                        ]
                    },
                    {
                        "foodOptions": [
                            {
                                "food": "5c9424a7c79d3f1163b7be15",
                                "foodName": "Yogurt",
                                "quantity": 1,
                                "unit": "cup"
                            }
                        ]
                    },
                    {
                        "foodOptions": [
                            {
                                "food": "5c9424adc79d3f1163b7c5b6",
                                "foodName": "Sandía",
                                "quantity": 1,
                                "unit": "cup, balls"
                            }
                        ]
                    }
                ]
            },
            {
                "mealName": "Almuerzo",
                "recipes": [
                    {
                        "foodOptions": [
                            {
                                "food": "64b9db1f7fe00c2c5ef02712",
                                "foodName": "Burrito vegano",
                                "quantity": 1,
                                "unit": "Porción"
                            }
                        ]
                    },
                    {
                        "foodOptions": [
                            {
                                "food": "5c9424acc79d3f1163b7c37a",
                                "foodName": "Jamón de cerdo",
                                "quantity": 2,
                                "unit": "slice"
                            }
                        ]
                    }
                ]
            },
            {
                "mealName": "Cena",
                "recipes": [
                    {
                        "foodOptions": [
                            {
                                "food": "5c9424b6c79d3f1163b7ca74",
                                "foodName": "Choclo (maíz)",
                                "quantity": 1,
                                "unit": "ear, medium (6-3/4\" to 7-1/2\" long)"
                            }
                        ]
                    },
                    {
                        "foodOptions": [
                            {
                                "food": "5c9424adc79d3f1163b7c4af",
                                "foodName": "Manzana",
                                "quantity": 1,
                                "unit": "unit"
                            }
                        ]
                    },
                    {
                        "foodOptions": [
                            {
                                "food": "5c9424b6c79d3f1163b7cae8",
                                "foodName": "Almendra",
                                "quantity": 1,
                                "unit": "handful"
                            }
                        ]
                    },
                    {
                        "foodOptions": [
                            {
                                "food": "5c9424a7c79d3f1163b7be82",
                                "foodName": "Yogur griego",
                                "quantity": 1,
                                "unit": "container"
                            }
                        ]
                    },
                    {
                        "foodOptions": [
                            {
                                "food": "5c9424adc79d3f1163b7c5b6",
                                "foodName": "Sandía",
                                "quantity": 1,
                                "unit": "cup, balls"
                            }
                        ]
                    }
                ]
            }
        ]
    },
    {
        "dayName": "Martes",
        "dailyCalories": 1500,
        "dailyProtein": 72,
        "dailyCarbs": 210,
        "dailyFat": 41.4,
        "meals": [
            {
                "mealName": "Desayuno",
                "recipes": [
                    {
                        "foodOptions": [
                            {
                                "food": "5c9424a7c79d3f1163b7be15",
                                "foodName": "Yogurt",
                                "quantity": 1,
                                "unit": "cup"
                            }
                        ]
                    },
                    {
                        "foodOptions": [
                            {
                                "food": "5c9424adc79d3f1163b7c5b6",
                                "foodName": "Sandía",
                                "quantity": 1,
                                "unit": "cup, balls"
                            }
                        ]
                    },
                    {
                        "foodOptions": [
                            {
                                "food": "5c9424bbc79d3f1163b7d003",
                                "foodName": "Leche de soya",
                                "quantity": 1,
                                "unit": "cup"
                            }
                        ]
                    }
                ]
            },
            {
                "mealName": "Almuerzo",
                "recipes": [
                    {
                        "foodOptions": [
                            {
                                "food": "5c9424adc79d3f1163b7c562",
                                "foodName": "Granadilla",
                                "quantity": 1,
                                "unit": "unit"
                            }
                        ]
                    },
                    {
                        "foodOptions": [
                            {
                                "food": "5c9424bbc79d3f1163b7d08a",
                                "foodName": "Pallares",
                                "quantity": 1,
                                "unit": "cup"
                            }
                        ]
                    },
                    {
                        "foodOptions": [
                            {
                                "food": "5c9424b6c79d3f1163b7cae8",
                                "foodName": "Almendra",
                                "quantity": 1,
                                "unit": "handful"
                            }
                        ]
                    },
                    {
                        "foodOptions": [
                            {
                                "food": "5c9424adc79d3f1163b7c55a",
                                "foodName": "Mandarina",
                                "quantity": 1,
                                "unit": "unit"
                            }
                        ]
                    }
                ]
            },
            {
                "mealName": "Cena",
                "recipes": [
                    {
                        "foodOptions": [
                            {
                                "food": "5c9424bbc79d3f1163b7d08a",
                                "foodName": "Pallares",
                                "quantity": 1,
                                "unit": "cup"
                            }
                        ]
                    },
                    {
                        "foodOptions": [
                            {
                                "food": "5c9424bbc79d3f1163b7d003",
                                "foodName": "Leche de soya",
                                "quantity": 1,
                                "unit": "cup"
                            }
                        ]
                    },
                    {
                        "foodOptions": [
                            {
                                "food": "5c9424adc79d3f1163b7c546",
                                "foodName": "Aceitunas",
                                "quantity": 2,
                                "unit": "large"
                            }
                        ]
                    },
                    {
                        "foodOptions": [
                            {
                                "food": "5c9424a7c79d3f1163b7be15",
                                "foodName": "Yogurt",
                                "quantity": 1,
                                "unit": "cup"
                            }
                        ]
                    },
                    {
                        "foodOptions": [
                            {
                                "food": "5c9424adc79d3f1163b7c4af",
                                "foodName": "Manzana",
                                "quantity": 1,
                                "unit": "unit"
                            }
                        ]
                    }
                ]
            }
        ]
    },
    {
        "dayName": "Miércoles",
        "dailyCalories": 1500,
        "dailyProtein": 72,
        "dailyCarbs": 210,
        "dailyFat": 41.4,
        "meals": [
            {
                "mealName": "Desayuno",
                "recipes": [
                    {
                        "foodOptions": [
                            {
                                "food": "5c9424a7c79d3f1163b7be15",
                                "foodName": "Yogurt",
                                "quantity": 1,
                                "unit": "cup"
                            }
                        ]
                    },
                    {
                        "foodOptions": [
                            {
                                "food": "5c9424bbc79d3f1163b7d003",
                                "foodName": "Leche de soya",
                                "quantity": 1,
                                "unit": "cup"
                            }
                        ]
                    },
                    {
                        "foodOptions": [
                            {
                                "food": "5c9424adc79d3f1163b7c5b6",
                                "foodName": "Sandía",
                                "quantity": 1,
                                "unit": "cup, balls"
                            }
                        ]
                    }
                ]
            },
            {
                "mealName": "Almuerzo",
                "recipes": [
                    {
                        "foodOptions": [
                            {
                                "food": "5c9424a7c79d3f1163b7be82",
                                "foodName": "Yogur griego",
                                "quantity": 1,
                                "unit": "container"
                            }
                        ]
                    },
                    {
                        "foodOptions": [
                            {
                                "food": "64c1fa82fda5fd6f1aa396c1",
                                "foodName": "Tortillas de maíz con guacamole",
                                "quantity": 1,
                                "unit": "Porción"
                            }
                        ]
                    },
                    {
                        "foodOptions": [
                            {
                                "food": "5c9424adc79d3f1163b7c4d3",
                                "foodName": "Plátano",
                                "quantity": 1,
                                "unit": "unit"
                            }
                        ]
                    }
                ]
            },
            {
                "mealName": "Cena",
                "recipes": [
                    {
                        "foodOptions": [
                            {
                                "food": "5c9424bbc79d3f1163b7d08a",
                                "foodName": "Pallares",
                                "quantity": 1,
                                "unit": "cup"
                            }
                        ]
                    },
                    {
                        "foodOptions": [
                            {
                                "food": "5c9424b1c79d3f1163b7c798",
                                "foodName": "Espárragos",
                                "quantity": 1,
                                "unit": "cup"
                            }
                        ]
                    },
                    {
                        "foodOptions": [
                            {
                                "food": "5c9424a7c79d3f1163b7bdbb",
                                "foodName": "Queso edam",
                                "quantity": 2,
                                "unit": "slice"
                            }
                        ]
                    },
                    {
                        "foodOptions": [
                            {
                                "food": "5c9424adc79d3f1163b7c4d3",
                                "foodName": "Plátano",
                                "quantity": 1,
                                "unit": "unit"
                            }
                        ]
                    }
                ]
            }
        ]
    },
    {
        "dayName": "Jueves",
        "dailyCalories": 1500,
        "dailyProtein": 72,
        "dailyCarbs": 210,
        "dailyFat": 41.4,
        "meals": [
            {
                "mealName": "Desayuno",
                "recipes": [
                    {
                        "foodOptions": [
                            {
                                "food": "5c9424adc79d3f1163b7c5b6",
                                "foodName": "Sandía",
                                "quantity": 1,
                                "unit": "cup, balls"
                            }
                        ]
                    },
                    {
                        "foodOptions": [
                            {
                                "food": "5c9424a7c79d3f1163b7be15",
                                "foodName": "Yogurt",
                                "quantity": 1,
                                "unit": "cup"
                            }
                        ]
                    },
                    {
                        "foodOptions": [
                            {
                                "food": "5c9424bbc79d3f1163b7d003",
                                "foodName": "Leche de soya",
                                "quantity": 1,
                                "unit": "cup"
                            }
                        ]
                    }
                ]
            },
            {
                "mealName": "Almuerzo",
                "recipes": [
                    {
                        "foodOptions": [
                            {
                                "food": "5c9424a7c79d3f1163b7bdbb",
                                "foodName": "Queso edam",
                                "quantity": 2,
                                "unit": "slice"
                            }
                        ]
                    },
                    {
                        "foodOptions": [
                            {
                                "food": "61b408db5b0f65762e8d37e9",
                                "foodName": "Pancakes de manzana",
                                "quantity": 1,
                                "unit": "Porción"
                            }
                        ]
                    },
                    {
                        "foodOptions": [
                            {
                                "food": "5c9424b1c79d3f1163b7c798",
                                "foodName": "Espárragos",
                                "quantity": 1,
                                "unit": "cup"
                            }
                        ]
                    }
                ]
            },
            {
                "mealName": "Cena",
                "recipes": [
                    {
                        "foodOptions": [
                            {
                                "food": "5c9424adc79d3f1163b7c562",
                                "foodName": "Granadilla",
                                "quantity": 1,
                                "unit": "unit"
                            }
                        ]
                    },
                    {
                        "foodOptions": [
                            {
                                "food": "5c9424adc79d3f1163b7c51f",
                                "foodName": "Uva",
                                "quantity": 1,
                                "unit": "handful"
                            }
                        ]
                    },
                    {
                        "foodOptions": [
                            {
                                "food": "5c9424b6c79d3f1163b7cae8",
                                "foodName": "Almendra",
                                "quantity": 1,
                                "unit": "handful"
                            }
                        ]
                    },
                    {
                        "foodOptions": [
                            {
                                "food": "5c9424bbc79d3f1163b7d08a",
                                "foodName": "Pallares",
                                "quantity": 1,
                                "unit": "cup"
                            }
                        ]
                    }
                ]
            }
        ]
    },
    {
        "dayName": "Viernes",
        "dailyCalories": 1500,
        "dailyProtein": 72,
        "dailyCarbs": 210,
        "dailyFat": 41.4,
        "meals": [
            {
                "mealName": "Desayuno",
                "recipes": [
                    {
                        "foodOptions": [
                            {
                                "food": "5c9424a7c79d3f1163b7be15",
                                "foodName": "Yogurt",
                                "quantity": 1,
                                "unit": "cup"
                            }
                        ]
                    },
                    {
                        "foodOptions": [
                            {
                                "food": "5c9424adc79d3f1163b7c4da",
                                "foodName": "Arándano",
                                "quantity": 1,
                                "unit": "handful"
                            }
                        ]
                    },
                    {
                        "foodOptions": [
                            {
                                "food": "5c9424bbc79d3f1163b7d003",
                                "foodName": "Leche de soya",
                                "quantity": 1,
                                "unit": "cup"
                            }
                        ]
                    }
                ]
            },
            {
                "mealName": "Almuerzo",
                "recipes": [
                    {
                        "foodOptions": [
                            {
                                "food": "5c9424a7c79d3f1163b7be82",
                                "foodName": "Yogur griego",
                                "quantity": 1,
                                "unit": "container"
                            }
                        ]
                    },
                    {
                        "foodOptions": [
                            {
                                "food": "5c9424b6c79d3f1163b7cae8",
                                "foodName": "Almendra",
                                "quantity": 1,
                                "unit": "handful"
                            }
                        ]
                    },
                    {
                        "foodOptions": [
                            {
                                "food": "5c9424adc79d3f1163b7c573",
                                "foodName": "Pera",
                                "quantity": 1,
                                "unit": "unit"
                            }
                        ]
                    },
                    {
                        "foodOptions": [
                            {
                                "food": "5c9424b6c79d3f1163b7ca74",
                                "foodName": "Choclo (maíz)",
                                "quantity": 1,
                                "unit": "ear, medium (6-3/4\" to 7-1/2\" long)"
                            }
                        ]
                    },
                    {
                        "foodOptions": [
                            {
                                "food": "5c9424adc79d3f1163b7c565",
                                "foodName": "Melocotón",
                                "quantity": 1,
                                "unit": "unit"
                            }
                        ]
                    }
                ]
            },
            {
                "mealName": "Cena",
                "recipes": [
                    {
                        "foodOptions": [
                            {
                                "food": "5c9424b6c79d3f1163b7ca74",
                                "foodName": "Choclo (maíz)",
                                "quantity": 1,
                                "unit": "ear, medium (6-3/4\" to 7-1/2\" long)"
                            }
                        ]
                    },
                    {
                        "foodOptions": [
                            {
                                "food": "5c9424bbc79d3f1163b7d08a",
                                "foodName": "Pallares",
                                "quantity": 1,
                                "unit": "cup"
                            }
                        ]
                    },
                    {
                        "foodOptions": [
                            {
                                "food": "5c9424a7c79d3f1163b7bdbb",
                                "foodName": "Queso edam",
                                "quantity": 2,
                                "unit": "slice"
                            }
                        ]
                    },
                    {
                        "foodOptions": [
                            {
                                "food": "5c9424a7c79d3f1163b7be15",
                                "foodName": "Yogurt",
                                "quantity": 1,
                                "unit": "cup"
                            }
                        ]
                    }
                ]
            }
        ]
    },
    {
        "dayName": "Sábado",
        "dailyCalories": 1500,
        "dailyProtein": 72,
        "dailyCarbs": 210,
        "dailyFat": 41.4,
        "meals": [
            {
                "mealName": "Desayuno",
                "recipes": [
                    {
                        "foodOptions": [
                            {
                                "food": "5c9424a7c79d3f1163b7be15",
                                "foodName": "Yogurt",
                                "quantity": 1,
                                "unit": "cup"
                            }
                        ]
                    },
                    {
                        "foodOptions": [
                            {
                                "food": "5c9424bbc79d3f1163b7d003",
                                "foodName": "Leche de soya",
                                "quantity": 1,
                                "unit": "cup"
                            }
                        ]
                    },
                    {
                        "foodOptions": [
                            {
                                "food": "5c9424adc79d3f1163b7c5b6",
                                "foodName": "Sandía",
                                "quantity": 1,
                                "unit": "cup, balls"
                            }
                        ]
                    }
                ]
            },
            {
                "mealName": "Almuerzo",
                "recipes": [
                    {
                        "foodOptions": [
                            {
                                "food": "5c9424adc79d3f1163b7c565",
                                "foodName": "Melocotón",
                                "quantity": 1,
                                "unit": "unit"
                            }
                        ]
                    },
                    {
                        "foodOptions": [
                            {
                                "food": "5c9424a7c79d3f1163b7be15",
                                "foodName": "Yogurt",
                                "quantity": 1,
                                "unit": "cup"
                            }
                        ]
                    },
                    {
                        "foodOptions": [
                            {
                                "food": "5dffb1c2ca8dda001e50b540",
                                "foodName": "Langostinos con arroz a la tailandesa",
                                "quantity": 1,
                                "unit": "Porción"
                            }
                        ]
                    }
                ]
            },
            {
                "mealName": "Cena",
                "recipes": [
                    {
                        "foodOptions": [
                            {
                                "food": "5c9424adc79d3f1163b7c55a",
                                "foodName": "Mandarina",
                                "quantity": 1,
                                "unit": "unit"
                            }
                        ]
                    },
                    {
                        "foodOptions": [
                            {
                                "food": "5c9424b6c79d3f1163b7ca74",
                                "foodName": "Choclo (maíz)",
                                "quantity": 1,
                                "unit": "ear, medium (6-3/4\" to 7-1/2\" long)"
                            }
                        ]
                    },
                    {
                        "foodOptions": [
                            {
                                "food": "5c9424b6c79d3f1163b7caf2",
                                "foodName": "Cashew",
                                "quantity": 1,
                                "unit": "handful"
                            }
                        ]
                    },
                    {
                        "foodOptions": [
                            {
                                "food": "5c9424bbc79d3f1163b7d08a",
                                "foodName": "Pallares",
                                "quantity": 1,
                                "unit": "cup"
                            }
                        ]
                    }
                ]
            }
        ]
    },
    {
        "dayName": "Domingo",
        "dailyCalories": 1500,
        "dailyProtein": 72,
        "dailyCarbs": 210,
        "dailyFat": 41.4,
        "meals": [
            {
                "mealName": "Desayuno",
                "recipes": [
                    {
                        "foodOptions": [
                            {
                                "food": "5c9424adc79d3f1163b7c4af",
                                "foodName": "Manzana",
                                "quantity": 1,
                                "unit": "unit"
                            }
                        ]
                    },
                    {
                        "foodOptions": [
                            {
                                "food": "634570f5066bf8149187d64e",
                                "foodName": "Sandwich de claras y espinaca",
                                "quantity": 1,
                                "unit": "Porción"
                            }
                        ]
                    }
                ]
            },
            {
                "mealName": "Almuerzo",
                "recipes": [
                    {
                        "foodOptions": [
                            {
                                "food": "5c9424b6c79d3f1163b7cae8",
                                "foodName": "Almendra",
                                "quantity": 1,
                                "unit": "handful"
                            }
                        ]
                    },
                    {
                        "foodOptions": [
                            {
                                "food": "5c9424adc79d3f1163b7c4da",
                                "foodName": "Arándano",
                                "quantity": 1,
                                "unit": "handful"
                            }
                        ]
                    },
                    {
                        "foodOptions": [
                            {
                                "food": "5c9424adc79d3f1163b7c4d3",
                                "foodName": "Plátano",
                                "quantity": 1,
                                "unit": "unit"
                            }
                        ]
                    },
                    {
                        "foodOptions": [
                            {
                                "food": "5c9424a7c79d3f1163b7be82",
                                "foodName": "Yogur griego",
                                "quantity": 1,
                                "unit": "container"
                            }
                        ]
                    }
                ]
            },
            {
                "mealName": "Cena",
                "recipes": [
                    {
                        "foodOptions": [
                            {
                                "food": "5c9424a7c79d3f1163b7bdbb",
                                "foodName": "Queso edam",
                                "quantity": 2,
                                "unit": "slice"
                            }
                        ]
                    },
                    {
                        "foodOptions": [
                            {
                                "food": "5c9424bbc79d3f1163b7d08a",
                                "foodName": "Pallares",
                                "quantity": 1,
                                "unit": "cup"
                            }
                        ]
                    },
                    {
                        "foodOptions": [
                            {
                                "food": "5c9424b1c79d3f1163b7c7eb",
                                "foodName": "Yuca (mandioca)",
                                "quantity": 3,
                                "unit": "snack stick"
                            }
                        ]
                    }
                ]
            }
        ]
    }
]