[
    {
        "dayName": "Lunes",
        "Objective Calories": 1500,
        "Objective Protein": 72,
        "Objective Carbs": 210,
        "Objective Fat": 41.4,
        "MealPlan Calories": 1345.3574500000002,
        "MealPlan Proteins": 70.79943,
        "MealPlan Carbs": 160.60612,
        "MealPlan Fat": 46.63725
    },
    {
        "dayName": "Martes",
        "Objective Calories": 1500,
        "Objective Protein": 72,
        "Objective Carbs": 210,
        "Objective Fat": 41.4,
        "MealPlan Calories": 1476.9665,
        "MealPlan Proteins": 76.6723,
        "MealPlan Carbs": 190.85290000000003,
        "MealPlan Fat": 45.207300000000004
    },
    {
        "dayName": "Miércoles",
        "Objective Calories": 1500,
        "Objective Protein": 72,
        "Objective Carbs": 210,
        "Objective Fat": 41.4,
        "MealPlan Calories": 1462.6428,
        "MealPlan Proteins": 73.2288,
        "MealPlan Carbs": 202.4922,
        "MealPlan Fat": 39.973200000000006
    },
    {
        "dayName": "Jueves",
        "Objective Calories": 1500,
        "Objective Protein": 72,
        "Objective Carbs": 210,
        "Objective Fat": 41.4,
        "MealPlan Calories": 1406.9596000000001,
        "MealPlan Proteins": 69.81700000000001,
        "MealPlan Carbs": 183.50250000000003,
        "MealPlan Fat": 43.7424
    },
    {
        "dayName": "Viernes",
        "Objective Calories": 1500,
        "Objective Protein": 72,
        "Objective Carbs": 210,
        "Objective Fat": 41.4,
        "MealPlan Calories": 1486.5989,
        "MealPlan Proteins": 80.19326,
        "MealPlan Carbs": 183.05484,
        "MealPlan Fat": 48.1785
    },
    {
        "dayName": "Sábado",
        "Objective Calories": 1500,
        "Objective Protein": 72,
        "Objective Carbs": 210,
        "Objective Fat": 41.4,
        "MealPlan Calories": 1598.9977,
        "MealPlan Proteins": 68.88499999999999,
        "MealPlan Carbs": 228.04909999999998,
        "MealPlan Fat": 45.695699999999995
    },
    {
        "dayName": "Domingo",
        "Objective Calories": 1500,
        "Objective Protein": 72,
        "Objective Carbs": 210,
        "Objective Fat": 41.4,
        "MealPlan Calories": 1420.6657999999998,
        "MealPlan Proteins": 72.59870000000001,
        "MealPlan Carbs": 183.2019,
        "MealPlan Fat": 44.1626
    }
]