[
    {
        "dayName": "Lunes",
        "Objective Calories": 1500,
        "Objective Protein": 72,
        "Objective Carbs": 210,
        "Objective Fat": 41.4,
        "MealPlan Calories": 1548.4295356799998,
        "MealPlan Proteins": 60.268919319999995,
        "MealPlan Carbs": 222.63415232,
        "MealPlan Fat": 46.31302768
    },
    {
        "dayName": "Martes",
        "Objective Calories": 1500,
        "Objective Protein": 72,
        "Objective Carbs": 210,
        "Objective Fat": 41.4,
        "MealPlan Calories": 1517.6331079299998,
        "MealPlan Proteins": 59.92523306,
        "MealPlan Carbs": 220.69347983,
        "MealPlan Fat": 43.90647292999999
    },
    {
        "dayName": "Miércoles",
        "Objective Calories": 1500,
        "Objective Protein": 72,
        "Objective Carbs": 210,
        "Objective Fat": 41.4,
        "MealPlan Calories": 1552.29008195,
        "MealPlan Proteins": 60.069606511,
        "MealPlan Carbs": 231.634763632,
        "MealPlan Fat": 42.830289042000004
    },
    {
        "dayName": "Jueves",
        "Objective Calories": 1500,
        "Objective Protein": 72,
        "Objective Carbs": 210,
        "Objective Fat": 41.4,
        "MealPlan Calories": 1548.4295356799998,
        "MealPlan Proteins": 60.268919319999995,
        "MealPlan Carbs": 222.63415232,
        "MealPlan Fat": 46.31302768
    },
    {
        "dayName": "Viernes",
        "Objective Calories": 1500,
        "Objective Protein": 72,
        "Objective Carbs": 210,
        "Objective Fat": 41.4,
        "MealPlan Calories": 1506.02350774,
        "MealPlan Proteins": 57.95822808,
        "MealPlan Carbs": 226.63162324,
        "MealPlan Fat": 40.85156694
    },
    {
        "dayName": "Sábado",
        "Objective Calories": 1500,
        "Objective Protein": 72,
        "Objective Carbs": 210,
        "Objective Fat": 41.4,
        "MealPlan Calories": 1522.99973228,
        "MealPlan Proteins": 67.94108353,
        "MealPlan Carbs": 216.58392457000002,
        "MealPlan Fat": 42.76663332
    },
    {
        "dayName": "Domingo",
        "Objective Calories": 1500,
        "Objective Protein": 72,
        "Objective Carbs": 210,
        "Objective Fat": 41.4,
        "MealPlan Calories": 1513.0762240979998,
        "MealPlan Proteins": 72.205282738,
        "MealPlan Carbs": 205.650117038,
        "MealPlan Fat": 44.628291665999996
    }
]