[
    {
        "dayName": "Lunes",
        "Objective Calories": 1500,
        "Objective Protein": 72,
        "Objective Carbs": 210,
        "Objective Fat": 41.4,
        "MealPlan Calories": 1522.8695801099998,
        "MealPlan Proteins": 64.88888538,
        "MealPlan Carbs": 232.752189456,
        "MealPlan Fat": 36.92280897399999
    },
    {
        "dayName": "Martes",
        "Objective Calories": 1500,
        "Objective Protein": 72,
        "Objective Carbs": 210,
        "Objective Fat": 41.4,
        "MealPlan Calories": 1522.8695801099998,
        "MealPlan Proteins": 64.88888538,
        "MealPlan Carbs": 232.752189456,
        "MealPlan Fat": 36.92280897399999
    },
    {
        "dayName": "Miércoles",
        "Objective Calories": 1500,
        "Objective Protein": 72,
        "Objective Carbs": 210,
        "Objective Fat": 41.4,
        "MealPlan Calories": 1529.5637050599998,
        "MealPlan Proteins": 65.005119765,
        "MealPlan Carbs": 241.92053523099997,
        "MealPlan Fat": 33.540120564
    },
    {
        "dayName": "Jueves",
        "Objective Calories": 1500,
        "Objective Protein": 72,
        "Objective Carbs": 210,
        "Objective Fat": 41.4,
        "MealPlan Calories": 1522.8695801099998,
        "MealPlan Proteins": 64.88888538,
        "MealPlan Carbs": 232.752189456,
        "MealPlan Fat": 36.92280897399999
    },
    {
        "dayName": "Viernes",
        "Objective Calories": 1500,
        "Objective Protein": 72,
        "Objective Carbs": 210,
        "Objective Fat": 41.4,
        "MealPlan Calories": 1522.8695801099998,
        "MealPlan Proteins": 64.88888538,
        "MealPlan Carbs": 232.752189456,
        "MealPlan Fat": 36.92280897399999
    },
    {
        "dayName": "Sábado",
        "Objective Calories": 1500,
        "Objective Protein": 72,
        "Objective Carbs": 210,
        "Objective Fat": 41.4,
        "MealPlan Calories": 1569.4622085199999,
        "MealPlan Proteins": 68.45172626,
        "MealPlan Carbs": 235.126391316,
        "MealPlan Fat": 39.461082024
    },
    {
        "dayName": "Domingo",
        "Objective Calories": 1500,
        "Objective Protein": 72,
        "Objective Carbs": 210,
        "Objective Fat": 41.4,
        "MealPlan Calories": 1582.02259728,
        "MealPlan Proteins": 65.622590075,
        "MealPlan Carbs": 228.77673893500003,
        "MealPlan Fat": 44.93614235999999
    }
]