[
    {
        "dayName": "Lunes",
        "Objective Calories": 1500,
        "Objective Protein": 72,
        "Objective Carbs": 210,
        "Objective Fat": 41.4,
        "MealPlan Calories": 1521.673742802,
        "MealPlan Proteins": 55.212305161,
        "MealPlan Carbs": 231.42719618,
        "MealPlan Fat": 41.679526382
    },
    {
        "dayName": "Martes",
        "Objective Calories": 1500,
        "Objective Protein": 72,
        "Objective Carbs": 210,
        "Objective Fat": 41.4,
        "MealPlan Calories": 1521.673742802,
        "MealPlan Proteins": 55.212305161,
        "MealPlan Carbs": 231.42719618,
        "MealPlan Fat": 41.679526382
    },
    {
        "dayName": "Miércoles",
        "Objective Calories": 1500,
        "Objective Protein": 72,
        "Objective Carbs": 210,
        "Objective Fat": 41.4,
        "MealPlan Calories": 1480.807807181,
        "MealPlan Proteins": 55.458681337,
        "MealPlan Carbs": 213.771705895,
        "MealPlan Fat": 44.876250917
    },
    {
        "dayName": "Jueves",
        "Objective Calories": 1500,
        "Objective Protein": 72,
        "Objective Carbs": 210,
        "Objective Fat": 41.4,
        "MealPlan Calories": 1443.9825064319998,
        "MealPlan Proteins": 50.992129614,
        "MealPlan Carbs": 206.84993196,
        "MealPlan Fat": 45.84602890400001
    },
    {
        "dayName": "Viernes",
        "Objective Calories": 1500,
        "Objective Protein": 72,
        "Objective Carbs": 210,
        "Objective Fat": 41.4,
        "MealPlan Calories": 1480.807807181,
        "MealPlan Proteins": 55.458681337,
        "MealPlan Carbs": 213.771705895,
        "MealPlan Fat": 44.876250917
    },
    {
        "dayName": "Sábado",
        "Objective Calories": 1500,
        "Objective Protein": 72,
        "Objective Carbs": 210,
        "Objective Fat": 41.4,
        "MealPlan Calories": 1480.807807181,
        "MealPlan Proteins": 55.458681337,
        "MealPlan Carbs": 213.771705895,
        "MealPlan Fat": 44.876250917
    },
    {
        "dayName": "Domingo",
        "Objective Calories": 1500,
        "Objective Protein": 72,
        "Objective Carbs": 210,
        "Objective Fat": 41.4,
        "MealPlan Calories": 1443.9825064319998,
        "MealPlan Proteins": 50.992129614,
        "MealPlan Carbs": 206.84993196,
        "MealPlan Fat": 45.84602890400001
    }
]