[
    {
        "dayName": "Lunes",
        "Objective Calories": 1500,
        "Objective Protein": 72,
        "Objective Carbs": 210,
        "Objective Fat": 41.4,
        "MealPlan Calories": 1533.2650305900002,
        "MealPlan Proteins": 75.10528808000001,
        "MealPlan Carbs": 200.42716129000004,
        "MealPlan Fat": 47.90391479
    },
    {
        "dayName": "Martes",
        "Objective Calories": 1500,
        "Objective Protein": 72,
        "Objective Carbs": 210,
        "Objective Fat": 41.4,
        "MealPlan Calories": 1485.6128,
        "MealPlan Proteins": 69.9554,
        "MealPlan Carbs": 207.34380000000002,
        "MealPlan Fat": 41.824
    },
    {
        "dayName": "Miércoles",
        "Objective Calories": 1500,
        "Objective Protein": 72,
        "Objective Carbs": 210,
        "Objective Fat": 41.4,
        "MealPlan Calories": 1479.2129314500003,
        "MealPlan Proteins": 74.16413835,
        "MealPlan Carbs": 194.23535280000002,
        "MealPlan Fat": 45.068329649999995
    },
    {
        "dayName": "Jueves",
        "Objective Calories": 1500,
        "Objective Protein": 72,
        "Objective Carbs": 210,
        "Objective Fat": 41.4,
        "MealPlan Calories": 1477.8364019790001,
        "MealPlan Proteins": 65.380072176,
        "MealPlan Carbs": 203.811591315,
        "MealPlan Fat": 44.563305334999995
    },
    {
        "dayName": "Viernes",
        "Objective Calories": 1500,
        "Objective Protein": 72,
        "Objective Carbs": 210,
        "Objective Fat": 41.4,
        "MealPlan Calories": 1426.9802,
        "MealPlan Proteins": 75.7358,
        "MealPlan Carbs": 180.9333,
        "MealPlan Fat": 44.4782
    },
    {
        "dayName": "Sábado",
        "Objective Calories": 1500,
        "Objective Protein": 72,
        "Objective Carbs": 210,
        "Objective Fat": 41.4,
        "MealPlan Calories": 1506.4556456149999,
        "MealPlan Proteins": 71.40517916499999,
        "MealPlan Carbs": 210.92153662,
        "MealPlan Fat": 41.905420275
    },
    {
        "dayName": "Domingo",
        "Objective Calories": 1500,
        "Objective Protein": 72,
        "Objective Carbs": 210,
        "Objective Fat": 41.4,
        "MealPlan Calories": 1412.9963579999999,
        "MealPlan Proteins": 69.67210608,
        "MealPlan Carbs": 196.05580176,
        "MealPlan Fat": 38.89830296
    }
]