[
    {
        "dayName": "Lunes",
        "Objective Calories": 1500,
        "Objective Protein": 72,
        "Objective Carbs": 210,
        "Objective Fat": 41.4,
        "MealPlan Calories": 1566.2639,
        "MealPlan Proteins": 69.8759,
        "MealPlan Carbs": 237.00209999999998,
        "MealPlan Fat": 37.6391
    },
    {
        "dayName": "Martes",
        "Objective Calories": 1500,
        "Objective Protein": 72,
        "Objective Carbs": 210,
        "Objective Fat": 41.4,
        "MealPlan Calories": 1555.1888,
        "MealPlan Proteins": 70.4058,
        "MealPlan Carbs": 237.9035,
        "MealPlan Fat": 35.7724
    },
    {
        "dayName": "Miércoles",
        "Objective Calories": 1500,
        "Objective Protein": 72,
        "Objective Carbs": 210,
        "Objective Fat": 41.4,
        "MealPlan Calories": 1470.7066069430002,
        "MealPlan Proteins": 70.45015894299999,
        "MealPlan Carbs": 191.925089227,
        "MealPlan Fat": 46.80062380700001
    },
    {
        "dayName": "Jueves",
        "Objective Calories": 1500,
        "Objective Protein": 72,
        "Objective Carbs": 210,
        "Objective Fat": 41.4,
        "MealPlan Calories": 1521.804,
        "MealPlan Proteins": 74.1868,
        "MealPlan Carbs": 204.42380000000003,
        "MealPlan Fat": 45.2624
    },
    {
        "dayName": "Viernes",
        "Objective Calories": 1500,
        "Objective Protein": 72,
        "Objective Carbs": 210,
        "Objective Fat": 41.4,
        "MealPlan Calories": 1533.6396,
        "MealPlan Proteins": 64.7868,
        "MealPlan Carbs": 218.89590000000004,
        "MealPlan Fat": 44.3232
    },
    {
        "dayName": "Sábado",
        "Objective Calories": 1500,
        "Objective Protein": 72,
        "Objective Carbs": 210,
        "Objective Fat": 41.4,
        "MealPlan Calories": 1469.4426,
        "MealPlan Proteins": 73.4712,
        "MealPlan Carbs": 200.793,
        "MealPlan Fat": 41.3762
    },
    {
        "dayName": "Domingo",
        "Objective Calories": 1500,
        "Objective Protein": 72,
        "Objective Carbs": 210,
        "Objective Fat": 41.4,
        "MealPlan Calories": 1429.9242,
        "MealPlan Proteins": 68.5208,
        "MealPlan Carbs": 202.6291,
        "MealPlan Fat": 38.3694
    }
]