[
    {
        "dayName": "Lunes",
        "Objective Calories": 1500,
        "Objective Protein": 72,
        "Objective Carbs": 210,
        "Objective Fat": 41.4,
        "MealPlan Calories": 1484.9122,
        "MealPlan Proteins": 72.0274,
        "MealPlan Carbs": 209.50080000000003,
        "MealPlan Fat": 39.8666
    },
    {
        "dayName": "Martes",
        "Objective Calories": 1500,
        "Objective Protein": 72,
        "Objective Carbs": 210,
        "Objective Fat": 41.4,
        "MealPlan Calories": 1503.1625,
        "MealPlan Proteins": 69.68390000000001,
        "MealPlan Carbs": 208.08659999999998,
        "MealPlan Fat": 43.5645
    },
    {
        "dayName": "Miércoles",
        "Objective Calories": 1500,
        "Objective Protein": 72,
        "Objective Carbs": 210,
        "Objective Fat": 41.4,
        "MealPlan Calories": 1511.1919,
        "MealPlan Proteins": 69.8515,
        "MealPlan Carbs": 210.0618,
        "MealPlan Fat": 43.5043
    },
    {
        "dayName": "Jueves",
        "Objective Calories": 1500,
        "Objective Protein": 72,
        "Objective Carbs": 210,
        "Objective Fat": 41.4,
        "MealPlan Calories": 1505.8999,
        "MealPlan Proteins": 66.9145,
        "MealPlan Carbs": 209.6076,
        "MealPlan Fat": 44.423500000000004
    },
    {
        "dayName": "Viernes",
        "Objective Calories": 1500,
        "Objective Protein": 72,
        "Objective Carbs": 210,
        "Objective Fat": 41.4,
        "MealPlan Calories": 1448.0686,
        "MealPlan Proteins": 71.05930000000001,
        "MealPlan Carbs": 191.1159,
        "MealPlan Fat": 44.3742
    },
    {
        "dayName": "Sábado",
        "Objective Calories": 1500,
        "Objective Protein": 72,
        "Objective Carbs": 210,
        "Objective Fat": 41.4,
        "MealPlan Calories": 1476.1048,
        "MealPlan Proteins": 77.37700000000001,
        "MealPlan Carbs": 198.3525,
        "MealPlan Fat": 41.465199999999996
    },
    {
        "dayName": "Domingo",
        "Objective Calories": 1500,
        "Objective Protein": 72,
        "Objective Carbs": 210,
        "Objective Fat": 41.4,
        "MealPlan Calories": 1483.6554,
        "MealPlan Proteins": 69.437,
        "MealPlan Carbs": 205.4221,
        "MealPlan Fat": 42.691
    }
]