[
    {
        "dayName": "Lunes",
        "Objective Calories": 1500,
        "Objective Protein": 72,
        "Objective Carbs": 210,
        "Objective Fat": 41.4,
        "MealPlan Calories": 1584.93680734,
        "MealPlan Proteins": 70.99717034000001,
        "MealPlan Carbs": 224.75593628000001,
        "MealPlan Fat": 44.658264540000005
    },
    {
        "dayName": "Martes",
        "Objective Calories": 1500,
        "Objective Protein": 72,
        "Objective Carbs": 210,
        "Objective Fat": 41.4,
        "MealPlan Calories": 1506.6056717799997,
        "MealPlan Proteins": 73.66424252,
        "MealPlan Carbs": 205.22013596,
        "MealPlan Fat": 43.45201754
    },
    {
        "dayName": "Miércoles",
        "Objective Calories": 1500,
        "Objective Protein": 72,
        "Objective Carbs": 210,
        "Objective Fat": 41.4,
        "MealPlan Calories": 1577.3445578800001,
        "MealPlan Proteins": 72.00377842,
        "MealPlan Carbs": 220.25263566000004,
        "MealPlan Fat": 45.368766840000006
    },
    {
        "dayName": "Jueves",
        "Objective Calories": 1500,
        "Objective Protein": 72,
        "Objective Carbs": 210,
        "Objective Fat": 41.4,
        "MealPlan Calories": 1544.76332928,
        "MealPlan Proteins": 67.67823252,
        "MealPlan Carbs": 214.83267846,
        "MealPlan Fat": 46.079965040000005
    },
    {
        "dayName": "Viernes",
        "Objective Calories": 1500,
        "Objective Protein": 72,
        "Objective Carbs": 210,
        "Objective Fat": 41.4,
        "MealPlan Calories": 1488.4025000000001,
        "MealPlan Proteins": 72.1377,
        "MealPlan Carbs": 199.4957,
        "MealPlan Fat": 44.652100000000004
    },
    {
        "dayName": "Sábado",
        "Objective Calories": 1500,
        "Objective Protein": 72,
        "Objective Carbs": 210,
        "Objective Fat": 41.4,
        "MealPlan Calories": 1470.9461539,
        "MealPlan Proteins": 74.1202588,
        "MealPlan Carbs": 191.17274085000003,
        "MealPlan Fat": 45.530461700000004
    },
    {
        "dayName": "Domingo",
        "Objective Calories": 1500,
        "Objective Protein": 72,
        "Objective Carbs": 210,
        "Objective Fat": 41.4,
        "MealPlan Calories": 1518.83992568,
        "MealPlan Proteins": 72.00220132,
        "MealPlan Carbs": 201.32737680999998,
        "MealPlan Fat": 47.28017924
    }
]