[
    {
        "dayName": "Lunes",
        "Objective Calories": 1500,
        "Objective Protein": 72,
        "Objective Carbs": 210,
        "Objective Fat": 41.4,
        "MealPlan Calories": 1522.99973228,
        "MealPlan Proteins": 67.94108353,
        "MealPlan Carbs": 216.58392457000002,
        "MealPlan Fat": 42.76663332
    },
    {
        "dayName": "Martes",
        "Objective Calories": 1500,
        "Objective Protein": 72,
        "Objective Carbs": 210,
        "Objective Fat": 41.4,
        "MealPlan Calories": 1515.30428273,
        "MealPlan Proteins": 61.154435774999996,
        "MealPlan Carbs": 224.17018632499997,
        "MealPlan Fat": 41.55619937
    },
    {
        "dayName": "Miércoles",
        "Objective Calories": 1500,
        "Objective Protein": 72,
        "Objective Carbs": 210,
        "Objective Fat": 41.4,
        "MealPlan Calories": 1548.4295356799998,
        "MealPlan Proteins": 60.268919319999995,
        "MealPlan Carbs": 222.63415232,
        "MealPlan Fat": 46.31302768
    },
    {
        "dayName": "Jueves",
        "Objective Calories": 1500,
        "Objective Protein": 72,
        "Objective Carbs": 210,
        "Objective Fat": 41.4,
        "MealPlan Calories": 1584.59258778,
        "MealPlan Proteins": 68.62845605,
        "MealPlan Carbs": 220.46526955000002,
        "MealPlan Fat": 47.57974282
    },
    {
        "dayName": "Viernes",
        "Objective Calories": 1500,
        "Objective Protein": 72,
        "Objective Carbs": 210,
        "Objective Fat": 41.4,
        "MealPlan Calories": 1517.6331079299998,
        "MealPlan Proteins": 59.92523306,
        "MealPlan Carbs": 220.69347983,
        "MealPlan Fat": 43.90647292999999
    },
    {
        "dayName": "Sábado",
        "Objective Calories": 1500,
        "Objective Protein": 72,
        "Objective Carbs": 210,
        "Objective Fat": 41.4,
        "MealPlan Calories": 1526.73012638,
        "MealPlan Proteins": 64.689572571,
        "MealPlan Carbs": 241.752800768,
        "MealPlan Fat": 33.440070336
    },
    {
        "dayName": "Domingo",
        "Objective Calories": 1500,
        "Objective Protein": 72,
        "Objective Carbs": 210,
        "Objective Fat": 41.4,
        "MealPlan Calories": 1512.804836707,
        "MealPlan Proteins": 78.347157102,
        "MealPlan Carbs": 202.857866653,
        "MealPlan Fat": 43.109415743
    }
]