[
    {
        "dayName": "Lunes",
        "dailyCalories": 1500,
        "dailyProtein": 72,
        "dailyCarbs": 210,
        "dailyFat": 41.4,
        "meals": [
            {
                "mealName": "Desayuno",
                "recipes": [
                    {
                        "foodOptions": [
                            {
                                "food": "5c9424a7c79d3f1163b7be15",
                                "foodName": "Yogurt",
                                "quantity": 1,
                                "unit": "cup"
                            }
                        ]
                    },
                    {
                        "foodOptions": [
                            {
                                "food": "5c9424adc79d3f1163b7c5b6",
                                "foodName": "Sandía",
                                "quantity": 1,
                                "unit": "cup, balls"
                            }
                        ]
                    },
                    {
                        "foodOptions": [
                            {
                                "food": "5c9424bbc79d3f1163b7d003",
                                "foodName": "Leche de soya",
                                "quantity": 1,
                                "unit": "cup"
                            }
                        ]
                    }
                ]
            },
            {
                "mealName": "Almuerzo",
                "recipes": [
                    {
                        "foodOptions": [
                            {
                                "food": "633f2d4dd0618690206f2272",
                                "foodName": "Pasta a la pomarola",
                                "quantity": 1,
                                "unit": "Porción"
                            }
                        ]
                    },
                    {
                        "foodOptions": [
                            {
                                "food": "5c9424a7c79d3f1163b7bdbb",
                                "foodName": "Queso edam",
                                "quantity": 1,
                                "unit": "slice"
                            }
                        ]
                    }
                ]
            },
            {
                "mealName": "Cena",
                "recipes": [
                    {
                        "foodOptions": [
                            {
                                "food": "5c9424a7c79d3f1163b7be82",
                                "foodName": "Yogur griego",
                                "quantity": 1,
                                "unit": "container"
                            }
                        ]
                    },
                    {
                        "foodOptions": [
                            {
                                "food": "5c9424b1c79d3f1163b7c88f",
                                "foodName": "Papa blanca",
                                "quantity": 2,
                                "unit": "unit"
                            }
                        ]
                    },
                    {
                        "foodOptions": [
                            {
                                "food": "64c2013d6e17d5320ade5e3e",
                                "foodName": "Almendras tostadas",
                                "quantity": 1,
                                "unit": "Porción"
                            }
                        ]
                    }
                ]
            }
        ]
    },
    {
        "dayName": "Martes",
        "dailyCalories": 1500,
        "dailyProtein": 72,
        "dailyCarbs": 210,
        "dailyFat": 41.4,
        "meals": [
            {
                "mealName": "Desayuno",
                "recipes": [
                    {
                        "foodOptions": [
                            {
                                "food": "5c9424a7c79d3f1163b7be15",
                                "foodName": "Yogurt",
                                "quantity": 1,
                                "unit": "cup"
                            }
                        ]
                    },
                    {
                        "foodOptions": [
                            {
                                "food": "5c9424bbc79d3f1163b7d003",
                                "foodName": "Leche de soya",
                                "quantity": 1,
                                "unit": "cup"
                            }
                        ]
                    },
                    {
                        "foodOptions": [
                            {
                                "food": "5c9424adc79d3f1163b7c5b6",
                                "foodName": "Sandía",
                                "quantity": 1,
                                "unit": "cup, balls"
                            }
                        ]
                    }
                ]
            },
            {
                "mealName": "Almuerzo",
                "recipes": [
                    {
                        "foodOptions": [
                            {
                                "food": "5c9424bbc79d3f1163b7d08a",
                                "foodName": "Pallares",
                                "quantity": 1,
                                "unit": "cup"
                            }
                        ]
                    },
                    {
                        "foodOptions": [
                            {
                                "food": "64c1f283b5aeb59a7a089067",
                                "foodName": "Sándwich de tofu y palta",
                                "quantity": 1,
                                "unit": "Porción"
                            }
                        ]
                    }
                ]
            },
            {
                "mealName": "Cena",
                "recipes": [
                    {
                        "foodOptions": [
                            {
                                "food": "5c9424adc79d3f1163b7c4d3",
                                "foodName": "Plátano",
                                "quantity": 1,
                                "unit": "unit"
                            }
                        ]
                    },
                    {
                        "foodOptions": [
                            {
                                "food": "5c9424bbc79d3f1163b7d08a",
                                "foodName": "Pallares",
                                "quantity": 1,
                                "unit": "cup"
                            }
                        ]
                    },
                    {
                        "foodOptions": [
                            {
                                "food": "5c9424b6c79d3f1163b7caf2",
                                "foodName": "Cashew",
                                "quantity": 1,
                                "unit": "handful"
                            }
                        ]
                    },
                    {
                        "foodOptions": [
                            {
                                "food": "5c9424adc79d3f1163b7c562",
                                "foodName": "Granadilla",
                                "quantity": 1,
                                "unit": "unit"
                            }
                        ]
                    }
                ]
            }
        ]
    },
    {
        "dayName": "Miércoles",
        "dailyCalories": 1500,
        "dailyProtein": 72,
        "dailyCarbs": 210,
        "dailyFat": 41.4,
        "meals": [
            {
                "mealName": "Desayuno",
                "recipes": [
                    {
                        "foodOptions": [
                            {
                                "food": "634570f5066bf8149187d64e",
                                "foodName": "Sandwich de claras y espinaca",
                                "quantity": 1,
                                "unit": "Porción"
                            }
                        ]
                    },
                    {
                        "foodOptions": [
                            {
                                "food": "5c9424adc79d3f1163b7c573",
                                "foodName": "Pera",
                                "quantity": 1,
                                "unit": "unit"
                            }
                        ]
                    }
                ]
            },
            {
                "mealName": "Almuerzo",
                "recipes": [
                    {
                        "foodOptions": [
                            {
                                "food": "64b9c9d2f5ab96a51d48f8db",
                                "foodName": "Burrito de frijoles negros",
                                "quantity": 1,
                                "unit": "Porción"
                            }
                        ]
                    },
                    {
                        "foodOptions": [
                            {
                                "food": "5c9424adc79d3f1163b7c546",
                                "foodName": "Aceitunas",
                                "quantity": 1,
                                "unit": "large"
                            }
                        ]
                    }
                ]
            },
            {
                "mealName": "Cena",
                "recipes": [
                    {
                        "foodOptions": [
                            {
                                "food": "5c9424b1c79d3f1163b7c7eb",
                                "foodName": "Yuca (mandioca)",
                                "quantity": 3,
                                "unit": "snack stick"
                            }
                        ]
                    },
                    {
                        "foodOptions": [
                            {
                                "food": "5c9424adc79d3f1163b7c4af",
                                "foodName": "Manzana",
                                "quantity": 1,
                                "unit": "unit"
                            }
                        ]
                    },
                    {
                        "foodOptions": [
                            {
                                "food": "5c9424b6c79d3f1163b7caf2",
                                "foodName": "Cashew",
                                "quantity": 1,
                                "unit": "handful"
                            }
                        ]
                    },
                    {
                        "foodOptions": [
                            {
                                "food": "5c9424b1c79d3f1163b7c700",
                                "foodName": "Lomo de cerdo asado, sin grasa",
                                "quantity": 2,
                                "unit": "steak"
                            }
                        ]
                    }
                ]
            }
        ]
    },
    {
        "dayName": "Jueves",
        "dailyCalories": 1500,
        "dailyProtein": 72,
        "dailyCarbs": 210,
        "dailyFat": 41.4,
        "meals": [
            {
                "mealName": "Desayuno",
                "recipes": [
                    {
                        "foodOptions": [
                            {
                                "food": "5c9424bbc79d3f1163b7d003",
                                "foodName": "Leche de soya",
                                "quantity": 1,
                                "unit": "cup"
                            }
                        ]
                    },
                    {
                        "foodOptions": [
                            {
                                "food": "5c9424a7c79d3f1163b7be15",
                                "foodName": "Yogurt",
                                "quantity": 1,
                                "unit": "cup"
                            }
                        ]
                    }
                ]
            },
            {
                "mealName": "Almuerzo",
                "recipes": [
                    {
                        "foodOptions": [
                            {
                                "food": "5c9424adc79d3f1163b7c573",
                                "foodName": "Pera",
                                "quantity": 1,
                                "unit": "unit"
                            }
                        ]
                    },
                    {
                        "foodOptions": [
                            {
                                "food": "5c9424bbc79d3f1163b7d08a",
                                "foodName": "Pallares",
                                "quantity": 1,
                                "unit": "cup"
                            }
                        ]
                    },
                    {
                        "foodOptions": [
                            {
                                "food": "5c9424b1c79d3f1163b7c798",
                                "foodName": "Espárragos",
                                "quantity": 1,
                                "unit": "cup"
                            }
                        ]
                    },
                    {
                        "foodOptions": [
                            {
                                "food": "5c9424adc79d3f1163b7c5af",
                                "foodName": "Fresa (frutilla)",
                                "quantity": 5,
                                "unit": "unit"
                            }
                        ]
                    },
                    {
                        "foodOptions": [
                            {
                                "food": "5c9424b6c79d3f1163b7cb20",
                                "foodName": "Nuez",
                                "quantity": 1,
                                "unit": "handful"
                            }
                        ]
                    }
                ]
            },
            {
                "mealName": "Cena",
                "recipes": [
                    {
                        "foodOptions": [
                            {
                                "food": "5c9424b6c79d3f1163b7cae8",
                                "foodName": "Almendra",
                                "quantity": 1,
                                "unit": "handful"
                            }
                        ]
                    },
                    {
                        "foodOptions": [
                            {
                                "food": "5c9424adc79d3f1163b7c573",
                                "foodName": "Pera",
                                "quantity": 1,
                                "unit": "unit"
                            }
                        ]
                    },
                    {
                        "foodOptions": [
                            {
                                "food": "5c9424bbc79d3f1163b7d08a",
                                "foodName": "Pallares",
                                "quantity": 1,
                                "unit": "cup"
                            }
                        ]
                    },
                    {
                        "foodOptions": [
                            {
                                "food": "5c9424b1c79d3f1163b7c798",
                                "foodName": "Espárragos",
                                "quantity": 1,
                                "unit": "cup"
                            }
                        ]
                    }
                ]
            }
        ]
    },
    {
        "dayName": "Viernes",
        "dailyCalories": 1500,
        "dailyProtein": 72,
        "dailyCarbs": 210,
        "dailyFat": 41.4,
        "meals": [
            {
                "mealName": "Desayuno",
                "recipes": [
                    {
                        "foodOptions": [
                            {
                                "food": "5c9424adc79d3f1163b7c51f",
                                "foodName": "Uva",
                                "quantity": 1,
                                "unit": "handful"
                            }
                        ]
                    },
                    {
                        "foodOptions": [
                            {
                                "food": "5c9424bbc79d3f1163b7d003",
                                "foodName": "Leche de soya",
                                "quantity": 1,
                                "unit": "cup"
                            }
                        ]
                    },
                    {
                        "foodOptions": [
                            {
                                "food": "5c9424a7c79d3f1163b7be15",
                                "foodName": "Yogurt",
                                "quantity": 1,
                                "unit": "cup"
                            }
                        ]
                    }
                ]
            },
            {
                "mealName": "Almuerzo",
                "recipes": [
                    {
                        "foodOptions": [
                            {
                                "food": "61b2dd7f3a0d20fe82565363",
                                "foodName": "Porridge de avena",
                                "quantity": 1,
                                "unit": "Porción"
                            }
                        ]
                    },
                    {
                        "foodOptions": [
                            {
                                "food": "5c9424adc79d3f1163b7c51f",
                                "foodName": "Uva",
                                "quantity": 1,
                                "unit": "handful"
                            }
                        ]
                    },
                    {
                        "foodOptions": [
                            {
                                "food": "5c9424b1c79d3f1163b7c87d",
                                "foodName": "Arvejas",
                                "quantity": 4,
                                "unit": "tbsp"
                            }
                        ]
                    }
                ]
            },
            {
                "mealName": "Cena",
                "recipes": [
                    {
                        "foodOptions": [
                            {
                                "food": "5c9424a7c79d3f1163b7bdbb",
                                "foodName": "Queso edam",
                                "quantity": 1,
                                "unit": "slice"
                            }
                        ]
                    },
                    {
                        "foodOptions": [
                            {
                                "food": "5c9424b6c79d3f1163b7ca74",
                                "foodName": "Choclo (maíz)",
                                "quantity": 1,
                                "unit": "ear, medium (6-3/4\" to 7-1/2\" long)"
                            }
                        ]
                    },
                    {
                        "foodOptions": [
                            {
                                "food": "5c9424b1c79d3f1163b7c88f",
                                "foodName": "Papa blanca",
                                "quantity": 2,
                                "unit": "unit"
                            }
                        ]
                    }
                ]
            }
        ]
    },
    {
        "dayName": "Sábado",
        "dailyCalories": 1500,
        "dailyProtein": 72,
        "dailyCarbs": 210,
        "dailyFat": 41.4,
        "meals": [
            {
                "mealName": "Desayuno",
                "recipes": [
                    {
                        "foodOptions": [
                            {
                                "food": "5c9424adc79d3f1163b7c4da",
                                "foodName": "Arándano",
                                "quantity": 2,
                                "unit": "handful"
                            }
                        ]
                    },
                    {
                        "foodOptions": [
                            {
                                "food": "5c9424b6c79d3f1163b7caf2",
                                "foodName": "Cashew",
                                "quantity": 1,
                                "unit": "handful"
                            }
                        ]
                    },
                    {
                        "foodOptions": [
                            {
                                "food": "5c9424adc79d3f1163b7c4af",
                                "foodName": "Manzana",
                                "quantity": 1,
                                "unit": "unit"
                            }
                        ]
                    }
                ]
            },
            {
                "mealName": "Almuerzo",
                "recipes": [
                    {
                        "foodOptions": [
                            {
                                "food": "5c9424a7c79d3f1163b7bdbb",
                                "foodName": "Queso edam",
                                "quantity": 1,
                                "unit": "slice"
                            }
                        ]
                    },
                    {
                        "foodOptions": [
                            {
                                "food": "5c9424adc79d3f1163b7c55a",
                                "foodName": "Mandarina",
                                "quantity": 1,
                                "unit": "unit"
                            }
                        ]
                    },
                    {
                        "foodOptions": [
                            {
                                "food": "5c9424bbc79d3f1163b7d008",
                                "foodName": "Tempeh",
                                "quantity": 1,
                                "unit": "cup"
                            }
                        ]
                    },
                    {
                        "foodOptions": [
                            {
                                "food": "5c9424adc79d3f1163b7c4af",
                                "foodName": "Manzana",
                                "quantity": 1,
                                "unit": "unit"
                            }
                        ]
                    }
                ]
            },
            {
                "mealName": "Cena",
                "recipes": [
                    {
                        "foodOptions": [
                            {
                                "food": "5c9424b1c79d3f1163b7c7eb",
                                "foodName": "Yuca (mandioca)",
                                "quantity": 3,
                                "unit": "snack stick"
                            }
                        ]
                    },
                    {
                        "foodOptions": [
                            {
                                "food": "5c9424adc79d3f1163b7c5b6",
                                "foodName": "Sandía",
                                "quantity": 1,
                                "unit": "cup, balls"
                            }
                        ]
                    },
                    {
                        "foodOptions": [
                            {
                                "food": "5c9424bbc79d3f1163b7d008",
                                "foodName": "Tempeh",
                                "quantity": 1,
                                "unit": "cup"
                            }
                        ]
                    }
                ]
            }
        ]
    },
    {
        "dayName": "Domingo",
        "dailyCalories": 1500,
        "dailyProtein": 72,
        "dailyCarbs": 210,
        "dailyFat": 41.4,
        "meals": [
            {
                "mealName": "Desayuno",
                "recipes": [
                    {
                        "foodOptions": [
                            {
                                "food": "5c9424adc79d3f1163b7c55a",
                                "foodName": "Mandarina",
                                "quantity": 1,
                                "unit": "unit"
                            }
                        ]
                    },
                    {
                        "foodOptions": [
                            {
                                "food": "5c9424bbc79d3f1163b7d003",
                                "foodName": "Leche de soya",
                                "quantity": 1,
                                "unit": "cup"
                            }
                        ]
                    },
                    {
                        "foodOptions": [
                            {
                                "food": "5c9424a7c79d3f1163b7be15",
                                "foodName": "Yogurt",
                                "quantity": 1,
                                "unit": "cup"
                            }
                        ]
                    }
                ]
            },
            {
                "mealName": "Almuerzo",
                "recipes": [
                    {
                        "foodOptions": [
                            {
                                "food": "5c9424bbc79d3f1163b7d08a",
                                "foodName": "Pallares",
                                "quantity": 1,
                                "unit": "cup"
                            }
                        ]
                    },
                    {
                        "foodOptions": [
                            {
                                "food": "64c1f1c7b5aeb59a7a088fc6",
                                "foodName": "Tacos de hongos, tomate y queso",
                                "quantity": 1,
                                "unit": "Porción"
                            }
                        ]
                    }
                ]
            },
            {
                "mealName": "Cena",
                "recipes": [
                    {
                        "foodOptions": [
                            {
                                "food": "5c9424a7c79d3f1163b7bdbb",
                                "foodName": "Queso edam",
                                "quantity": 1,
                                "unit": "slice"
                            }
                        ]
                    },
                    {
                        "foodOptions": [
                            {
                                "food": "64c1f65bb5aeb59a7a089319",
                                "foodName": "Burrito vegano de frijoles negros",
                                "quantity": 1,
                                "unit": "Porción"
                            }
                        ]
                    }
                ]
            }
        ]
    }
]