[
    {
        "dayName": "Lunes",
        "Objective Calories": 1500,
        "Objective Protein": 72,
        "Objective Carbs": 210,
        "Objective Fat": 41.4,
        "MealPlan Calories": 1499.9775,
        "MealPlan Proteins": 64.6049,
        "MealPlan Carbs": 211.1314,
        "MealPlan Fat": 44.1147
    },
    {
        "dayName": "Martes",
        "Objective Calories": 1500,
        "Objective Protein": 72,
        "Objective Carbs": 210,
        "Objective Fat": 41.4,
        "MealPlan Calories": 1467.1651,
        "MealPlan Proteins": 80.6209,
        "MealPlan Carbs": 181.6932,
        "MealPlan Fat": 46.4343
    },
    {
        "dayName": "Miércoles",
        "Objective Calories": 1500,
        "Objective Protein": 72,
        "Objective Carbs": 210,
        "Objective Fat": 41.4,
        "MealPlan Calories": 1257.4133,
        "MealPlan Proteins": 67.7829,
        "MealPlan Carbs": 146.3957,
        "MealPlan Fat": 44.522099999999995
    },
    {
        "dayName": "Jueves",
        "Objective Calories": 1500,
        "Objective Protein": 72,
        "Objective Carbs": 210,
        "Objective Fat": 41.4,
        "MealPlan Calories": 1301.1314000000002,
        "MealPlan Proteins": 58.864000000000004,
        "MealPlan Carbs": 159.5677,
        "MealPlan Fat": 47.4894
    },
    {
        "dayName": "Viernes",
        "Objective Calories": 1500,
        "Objective Protein": 72,
        "Objective Carbs": 210,
        "Objective Fat": 41.4,
        "MealPlan Calories": 1531.7618499999999,
        "MealPlan Proteins": 89.70712999999999,
        "MealPlan Carbs": 180.12842,
        "MealPlan Fat": 50.26885
    },
    {
        "dayName": "Sábado",
        "Objective Calories": 1500,
        "Objective Protein": 72,
        "Objective Carbs": 210,
        "Objective Fat": 41.4,
        "MealPlan Calories": 1522.8271,
        "MealPlan Proteins": 93.9339,
        "MealPlan Carbs": 159.90279999999998,
        "MealPlan Fat": 56.386700000000005
    },
    {
        "dayName": "Domingo",
        "Objective Calories": 1500,
        "Objective Protein": 72,
        "Objective Carbs": 210,
        "Objective Fat": 41.4,
        "MealPlan Calories": 1355.0672,
        "MealPlan Proteins": 56.0066,
        "MealPlan Carbs": 193.30020000000002,
        "MealPlan Fat": 39.76
    }
]