[
    {
        "dayName": "Lunes",
        "dailyCalories": 1500,
        "dailyProtein": 72,
        "dailyCarbs": 210,
        "dailyFat": 41.4,
        "meals": [
            {
                "mealName": "Desayuno",
                "recipes": [
                    {
                        "foodOptions": [
                            {
                                "food": "5c9424bbc79d3f1163b7d003",
                                "foodName": "Leche de soya",
                                "quantity": 1,
                                "unit": "cup"
                            }
                        ]
                    },
                    {
                        "foodOptions": [
                            {
                                "food": "5c9424adc79d3f1163b7c5b6",
                                "foodName": "Sandía",
                                "quantity": 1,
                                "unit": "cup, balls"
                            }
                        ]
                    },
                    {
                        "foodOptions": [
                            {
                                "food": "5c9424a7c79d3f1163b7be15",
                                "foodName": "Yogurt",
                                "quantity": 1,
                                "unit": "cup"
                            }
                        ]
                    }
                ]
            },
            {
                "mealName": "Almuerzo",
                "recipes": [
                    {
                        "foodOptions": [
                            {
                                "food": "5c9424bbc79d3f1163b7d08a",
                                "foodName": "Pallares",
                                "quantity": 1,
                                "unit": "cup"
                            }
                        ]
                    },
                    {
                        "foodOptions": [
                            {
                                "food": "5c9424b6c79d3f1163b7caf2",
                                "foodName": "Cashew",
                                "quantity": 1,
                                "unit": "handful"
                            }
                        ]
                    },
                    {
                        "foodOptions": [
                            {
                                "food": "5c9424adc79d3f1163b7c565",
                                "foodName": "Melocotón",
                                "quantity": 1,
                                "unit": "unit"
                            }
                        ]
                    },
                    {
                        "foodOptions": [
                            {
                                "food": "5c9424b1c79d3f1163b7c88f",
                                "foodName": "Papa blanca",
                                "quantity": 1,
                                "unit": "unit"
                            }
                        ]
                    }
                ]
            },
            {
                "mealName": "Cena",
                "recipes": [
                    {
                        "foodOptions": [
                            {
                                "food": "5c9424bbc79d3f1163b7d003",
                                "foodName": "Leche de soya",
                                "quantity": 1,
                                "unit": "cup"
                            }
                        ]
                    },
                    {
                        "foodOptions": [
                            {
                                "food": "5c9424adc79d3f1163b7c4d3",
                                "foodName": "Plátano",
                                "quantity": 2,
                                "unit": "unit"
                            }
                        ]
                    },
                    {
                        "foodOptions": [
                            {
                                "food": "5c9424a7c79d3f1163b7bdbb",
                                "foodName": "Queso edam",
                                "quantity": 1,
                                "unit": "slice"
                            }
                        ]
                    },
                    {
                        "foodOptions": [
                            {
                                "food": "5c9424a7c79d3f1163b7be15",
                                "foodName": "Yogurt",
                                "quantity": 1,
                                "unit": "cup"
                            }
                        ]
                    }
                ]
            }
        ]
    },
    {
        "dayName": "Martes",
        "dailyCalories": 1500,
        "dailyProtein": 72,
        "dailyCarbs": 210,
        "dailyFat": 41.4,
        "meals": [
            {
                "mealName": "Desayuno",
                "recipes": [
                    {
                        "foodOptions": [
                            {
                                "food": "5c9424adc79d3f1163b7c51f",
                                "foodName": "Uva",
                                "quantity": 1,
                                "unit": "handful"
                            }
                        ]
                    },
                    {
                        "foodOptions": [
                            {
                                "food": "5c9424bbc79d3f1163b7d003",
                                "foodName": "Leche de soya",
                                "quantity": 1,
                                "unit": "cup"
                            }
                        ]
                    },
                    {
                        "foodOptions": [
                            {
                                "food": "5c9424a7c79d3f1163b7be15",
                                "foodName": "Yogurt",
                                "quantity": 1,
                                "unit": "cup"
                            }
                        ]
                    }
                ]
            },
            {
                "mealName": "Almuerzo",
                "recipes": [
                    {
                        "foodOptions": [
                            {
                                "food": "5c9424a7c79d3f1163b7be82",
                                "foodName": "Yogur griego",
                                "quantity": 1,
                                "unit": "container"
                            }
                        ]
                    },
                    {
                        "foodOptions": [
                            {
                                "food": "5c9424adc79d3f1163b7c4af",
                                "foodName": "Manzana",
                                "quantity": 1,
                                "unit": "unit"
                            }
                        ]
                    },
                    {
                        "foodOptions": [
                            {
                                "food": "5c9424b6c79d3f1163b7cae8",
                                "foodName": "Almendra",
                                "quantity": 1,
                                "unit": "handful"
                            }
                        ]
                    },
                    {
                        "foodOptions": [
                            {
                                "food": "5c9424b1c79d3f1163b7c798",
                                "foodName": "Espárragos",
                                "quantity": 1,
                                "unit": "cup"
                            }
                        ]
                    },
                    {
                        "foodOptions": [
                            {
                                "food": "5c9424b1c79d3f1163b7c7eb",
                                "foodName": "Yuca (mandioca)",
                                "quantity": 3,
                                "unit": "snack stick"
                            }
                        ]
                    }
                ]
            },
            {
                "mealName": "Cena",
                "recipes": [
                    {
                        "foodOptions": [
                            {
                                "food": "5c9424bbc79d3f1163b7d008",
                                "foodName": "Tempeh",
                                "quantity": 1,
                                "unit": "cup"
                            }
                        ]
                    },
                    {
                        "foodOptions": [
                            {
                                "food": "5c9424adc79d3f1163b7c4af",
                                "foodName": "Manzana",
                                "quantity": 1,
                                "unit": "unit"
                            }
                        ]
                    },
                    {
                        "foodOptions": [
                            {
                                "food": "5c9424adc79d3f1163b7c51f",
                                "foodName": "Uva",
                                "quantity": 1,
                                "unit": "handful"
                            }
                        ]
                    },
                    {
                        "foodOptions": [
                            {
                                "food": "5c9424b1c79d3f1163b7c7eb",
                                "foodName": "Yuca (mandioca)",
                                "quantity": 3,
                                "unit": "snack stick"
                            }
                        ]
                    }
                ]
            }
        ]
    },
    {
        "dayName": "Miércoles",
        "dailyCalories": 1500,
        "dailyProtein": 72,
        "dailyCarbs": 210,
        "dailyFat": 41.4,
        "meals": [
            {
                "mealName": "Desayuno",
                "recipes": [
                    {
                        "foodOptions": [
                            {
                                "food": "5c9424a7c79d3f1163b7be15",
                                "foodName": "Yogurt",
                                "quantity": 1,
                                "unit": "cup"
                            }
                        ]
                    },
                    {
                        "foodOptions": [
                            {
                                "food": "5c9424bbc79d3f1163b7d003",
                                "foodName": "Leche de soya",
                                "quantity": 1,
                                "unit": "cup"
                            }
                        ]
                    },
                    {
                        "foodOptions": [
                            {
                                "food": "5c9424adc79d3f1163b7c51f",
                                "foodName": "Uva",
                                "quantity": 1,
                                "unit": "handful"
                            }
                        ]
                    }
                ]
            },
            {
                "mealName": "Almuerzo",
                "recipes": [
                    {
                        "foodOptions": [
                            {
                                "food": "5c9424a7c79d3f1163b7bdbb",
                                "foodName": "Queso edam",
                                "quantity": 1,
                                "unit": "slice"
                            }
                        ]
                    },
                    {
                        "foodOptions": [
                            {
                                "food": "5c9424b1c79d3f1163b7c88f",
                                "foodName": "Papa blanca",
                                "quantity": 1,
                                "unit": "unit"
                            }
                        ]
                    },
                    {
                        "foodOptions": [
                            {
                                "food": "5c9424adc79d3f1163b7c573",
                                "foodName": "Pera",
                                "quantity": 1,
                                "unit": "unit"
                            }
                        ]
                    }
                ]
            },
            {
                "mealName": "Cena",
                "recipes": [
                    {
                        "foodOptions": [
                            {
                                "food": "5c9424adc79d3f1163b7c51f",
                                "foodName": "Uva",
                                "quantity": 1,
                                "unit": "handful"
                            }
                        ]
                    },
                    {
                        "foodOptions": [
                            {
                                "food": "5c9424bbc79d3f1163b7d008",
                                "foodName": "Tempeh",
                                "quantity": 1,
                                "unit": "cup"
                            }
                        ]
                    },
                    {
                        "foodOptions": [
                            {
                                "food": "5c9424adc79d3f1163b7c4d3",
                                "foodName": "Plátano",
                                "quantity": 2,
                                "unit": "unit"
                            }
                        ]
                    }
                ]
            }
        ]
    },
    {
        "dayName": "Jueves",
        "dailyCalories": 1500,
        "dailyProtein": 72,
        "dailyCarbs": 210,
        "dailyFat": 41.4,
        "meals": [
            {
                "mealName": "Desayuno",
                "recipes": [
                    {
                        "foodOptions": [
                            {
                                "food": "5c9424bbc79d3f1163b7d003",
                                "foodName": "Leche de soya",
                                "quantity": 1,
                                "unit": "cup"
                            }
                        ]
                    },
                    {
                        "foodOptions": [
                            {
                                "food": "5c9424a7c79d3f1163b7be15",
                                "foodName": "Yogurt",
                                "quantity": 1,
                                "unit": "cup"
                            }
                        ]
                    },
                    {
                        "foodOptions": [
                            {
                                "food": "5c9424adc79d3f1163b7c5b6",
                                "foodName": "Sandía",
                                "quantity": 1,
                                "unit": "cup, balls"
                            }
                        ]
                    }
                ]
            },
            {
                "mealName": "Almuerzo",
                "recipes": [
                    {
                        "foodOptions": [
                            {
                                "food": "5c9424a7c79d3f1163b7be82",
                                "foodName": "Yogur griego",
                                "quantity": 1,
                                "unit": "container"
                            }
                        ]
                    },
                    {
                        "foodOptions": [
                            {
                                "food": "5c9424b1c79d3f1163b7c88f",
                                "foodName": "Papa blanca",
                                "quantity": 1,
                                "unit": "unit"
                            }
                        ]
                    },
                    {
                        "foodOptions": [
                            {
                                "food": "5c9424adc79d3f1163b7c4d3",
                                "foodName": "Plátano",
                                "quantity": 2,
                                "unit": "unit"
                            }
                        ]
                    },
                    {
                        "foodOptions": [
                            {
                                "food": "5c9424b6c79d3f1163b7cae8",
                                "foodName": "Almendra",
                                "quantity": 1,
                                "unit": "handful"
                            }
                        ]
                    }
                ]
            },
            {
                "mealName": "Cena",
                "recipes": [
                    {
                        "foodOptions": [
                            {
                                "food": "5c9424b1c79d3f1163b7c88f",
                                "foodName": "Papa blanca",
                                "quantity": 1,
                                "unit": "unit"
                            }
                        ]
                    },
                    {
                        "foodOptions": [
                            {
                                "food": "5c9424bbc79d3f1163b7cfe3",
                                "foodName": "Maní",
                                "quantity": 1,
                                "unit": "handful"
                            }
                        ]
                    },
                    {
                        "foodOptions": [
                            {
                                "food": "5c9424adc79d3f1163b7c51f",
                                "foodName": "Uva",
                                "quantity": 1,
                                "unit": "handful"
                            }
                        ]
                    }
                ]
            }
        ]
    },
    {
        "dayName": "Viernes",
        "dailyCalories": 1500,
        "dailyProtein": 72,
        "dailyCarbs": 210,
        "dailyFat": 41.4,
        "meals": [
            {
                "mealName": "Desayuno",
                "recipes": [
                    {
                        "foodOptions": [
                            {
                                "food": "5c9424bbc79d3f1163b7d003",
                                "foodName": "Leche de soya",
                                "quantity": 1,
                                "unit": "cup"
                            }
                        ]
                    },
                    {
                        "foodOptions": [
                            {
                                "food": "5c9424adc79d3f1163b7c51f",
                                "foodName": "Uva",
                                "quantity": 1,
                                "unit": "handful"
                            }
                        ]
                    },
                    {
                        "foodOptions": [
                            {
                                "food": "5c9424a7c79d3f1163b7be15",
                                "foodName": "Yogurt",
                                "quantity": 1,
                                "unit": "cup"
                            }
                        ]
                    }
                ]
            },
            {
                "mealName": "Almuerzo",
                "recipes": [
                    {
                        "foodOptions": [
                            {
                                "food": "5c9424bbc79d3f1163b7d008",
                                "foodName": "Tempeh",
                                "quantity": 1,
                                "unit": "cup"
                            }
                        ]
                    },
                    {
                        "foodOptions": [
                            {
                                "food": "5c9424adc79d3f1163b7c573",
                                "foodName": "Pera",
                                "quantity": 1,
                                "unit": "unit"
                            }
                        ]
                    },
                    {
                        "foodOptions": [
                            {
                                "food": "5c9424b1c79d3f1163b7c7eb",
                                "foodName": "Yuca (mandioca)",
                                "quantity": 3,
                                "unit": "snack stick"
                            }
                        ]
                    },
                    {
                        "foodOptions": [
                            {
                                "food": "5c9424b1c79d3f1163b7c87d",
                                "foodName": "Arvejas",
                                "quantity": 5,
                                "unit": "tbsp"
                            }
                        ]
                    }
                ]
            },
            {
                "mealName": "Cena",
                "recipes": [
                    {
                        "foodOptions": [
                            {
                                "food": "5c9424b6c79d3f1163b7ca74",
                                "foodName": "Choclo (maíz)",
                                "quantity": 1,
                                "unit": "ear, medium (6-3/4\" to 7-1/2\" long)"
                            }
                        ]
                    },
                    {
                        "foodOptions": [
                            {
                                "food": "5c9424a7c79d3f1163b7bdbb",
                                "foodName": "Queso edam",
                                "quantity": 1,
                                "unit": "slice"
                            }
                        ]
                    },
                    {
                        "foodOptions": [
                            {
                                "food": "5c9424bbc79d3f1163b7d08a",
                                "foodName": "Pallares",
                                "quantity": 1,
                                "unit": "cup"
                            }
                        ]
                    },
                    {
                        "foodOptions": [
                            {
                                "food": "5c9424bbc79d3f1163b7d003",
                                "foodName": "Leche de soya",
                                "quantity": 1,
                                "unit": "cup"
                            }
                        ]
                    }
                ]
            }
        ]
    },
    {
        "dayName": "Sábado",
        "dailyCalories": 1500,
        "dailyProtein": 72,
        "dailyCarbs": 210,
        "dailyFat": 41.4,
        "meals": [
            {
                "mealName": "Desayuno",
                "recipes": [
                    {
                        "foodOptions": [
                            {
                                "food": "5c9424bbc79d3f1163b7d003",
                                "foodName": "Leche de soya",
                                "quantity": 1,
                                "unit": "cup"
                            }
                        ]
                    },
                    {
                        "foodOptions": [
                            {
                                "food": "5c9424a7c79d3f1163b7bdbb",
                                "foodName": "Queso edam",
                                "quantity": 1,
                                "unit": "slice"
                            }
                        ]
                    },
                    {
                        "foodOptions": [
                            {
                                "food": "5c9424adc79d3f1163b7c5b6",
                                "foodName": "Sandía",
                                "quantity": 1,
                                "unit": "cup, balls"
                            }
                        ]
                    },
                    {
                        "foodOptions": [
                            {
                                "food": "5c9424adc79d3f1163b7c4da",
                                "foodName": "Arándano",
                                "quantity": 1,
                                "unit": "handful"
                            }
                        ]
                    }
                ]
            },
            {
                "mealName": "Almuerzo",
                "recipes": [
                    {
                        "foodOptions": [
                            {
                                "food": "5c9424adc79d3f1163b7c4da",
                                "foodName": "Arándano",
                                "quantity": 1,
                                "unit": "handful"
                            }
                        ]
                    },
                    {
                        "foodOptions": [
                            {
                                "food": "5c9424bbc79d3f1163b7d008",
                                "foodName": "Tempeh",
                                "quantity": 1,
                                "unit": "cup"
                            }
                        ]
                    },
                    {
                        "foodOptions": [
                            {
                                "food": "5c9424adc79d3f1163b7c4d3",
                                "foodName": "Plátano",
                                "quantity": 2,
                                "unit": "unit"
                            }
                        ]
                    }
                ]
            },
            {
                "mealName": "Cena",
                "recipes": [
                    {
                        "foodOptions": [
                            {
                                "food": "5c9424adc79d3f1163b7c4da",
                                "foodName": "Arándano",
                                "quantity": 1,
                                "unit": "handful"
                            }
                        ]
                    },
                    {
                        "foodOptions": [
                            {
                                "food": "5c9424bbc79d3f1163b7d008",
                                "foodName": "Tempeh",
                                "quantity": 1,
                                "unit": "cup"
                            }
                        ]
                    },
                    {
                        "foodOptions": [
                            {
                                "food": "5c9424adc79d3f1163b7c4d3",
                                "foodName": "Plátano",
                                "quantity": 2,
                                "unit": "unit"
                            }
                        ]
                    }
                ]
            }
        ]
    },
    {
        "dayName": "Domingo",
        "dailyCalories": 1500,
        "dailyProtein": 72,
        "dailyCarbs": 210,
        "dailyFat": 41.4,
        "meals": [
            {
                "mealName": "Desayuno",
                "recipes": [
                    {
                        "foodOptions": [
                            {
                                "food": "5c9424adc79d3f1163b7c5b6",
                                "foodName": "Sandía",
                                "quantity": 1,
                                "unit": "cup, balls"
                            }
                        ]
                    },
                    {
                        "foodOptions": [
                            {
                                "food": "5c9424bbc79d3f1163b7d003",
                                "foodName": "Leche de soya",
                                "quantity": 1,
                                "unit": "cup"
                            }
                        ]
                    },
                    {
                        "foodOptions": [
                            {
                                "food": "5c9424a7c79d3f1163b7be15",
                                "foodName": "Yogurt",
                                "quantity": 1,
                                "unit": "cup"
                            }
                        ]
                    }
                ]
            },
            {
                "mealName": "Almuerzo",
                "recipes": [
                    {
                        "foodOptions": [
                            {
                                "food": "5c9424a7c79d3f1163b7be15",
                                "foodName": "Yogurt",
                                "quantity": 1,
                                "unit": "cup"
                            }
                        ]
                    },
                    {
                        "foodOptions": [
                            {
                                "food": "5c9424b1c79d3f1163b7c88f",
                                "foodName": "Papa blanca",
                                "quantity": 1,
                                "unit": "unit"
                            }
                        ]
                    },
                    {
                        "foodOptions": [
                            {
                                "food": "5c9424b6c79d3f1163b7caf2",
                                "foodName": "Cashew",
                                "quantity": 1,
                                "unit": "handful"
                            }
                        ]
                    }
                ]
            },
            {
                "mealName": "Cena",
                "recipes": [
                    {
                        "foodOptions": [
                            {
                                "food": "5c9424a7c79d3f1163b7bdbb",
                                "foodName": "Queso edam",
                                "quantity": 1,
                                "unit": "slice"
                            }
                        ]
                    },
                    {
                        "foodOptions": [
                            {
                                "food": "5c9424adc79d3f1163b7c55a",
                                "foodName": "Mandarina",
                                "quantity": 1,
                                "unit": "unit"
                            }
                        ]
                    },
                    {
                        "foodOptions": [
                            {
                                "food": "5c9424adc79d3f1163b7c4d3",
                                "foodName": "Plátano",
                                "quantity": 2,
                                "unit": "unit"
                            }
                        ]
                    },
                    {
                        "foodOptions": [
                            {
                                "food": "5c9424bbc79d3f1163b7d08a",
                                "foodName": "Pallares",
                                "quantity": 1,
                                "unit": "cup"
                            }
                        ]
                    }
                ]
            }
        ]
    }
]