[
    {
        "dayName": "Lunes",
        "Objective Calories": 1500,
        "Objective Protein": 72,
        "Objective Carbs": 210,
        "Objective Fat": 41.4,
        "MealPlan Calories": 1511.24726052,
        "MealPlan Proteins": 66.3711893,
        "MealPlan Carbs": 228.676621366,
        "MealPlan Fat": 36.784001984
    },
    {
        "dayName": "Martes",
        "Objective Calories": 1500,
        "Objective Protein": 72,
        "Objective Carbs": 210,
        "Objective Fat": 41.4,
        "MealPlan Calories": 1522.8695801099998,
        "MealPlan Proteins": 64.88888538,
        "MealPlan Carbs": 232.752189456,
        "MealPlan Fat": 36.92280897399999
    },
    {
        "dayName": "Miércoles",
        "Objective Calories": 1500,
        "Objective Protein": 72,
        "Objective Carbs": 210,
        "Objective Fat": 41.4,
        "MealPlan Calories": 1548.1050629279998,
        "MealPlan Proteins": 72.806909668,
        "MealPlan Carbs": 233.13185068399997,
        "MealPlan Fat": 36.03889128
    },
    {
        "dayName": "Jueves",
        "Objective Calories": 1500,
        "Objective Protein": 72,
        "Objective Carbs": 210,
        "Objective Fat": 41.4,
        "MealPlan Calories": 1511.24726052,
        "MealPlan Proteins": 66.3711893,
        "MealPlan Carbs": 228.676621366,
        "MealPlan Fat": 36.784001984
    },
    {
        "dayName": "Viernes",
        "Objective Calories": 1500,
        "Objective Protein": 72,
        "Objective Carbs": 210,
        "Objective Fat": 41.4,
        "MealPlan Calories": 1470.899125385,
        "MealPlan Proteins": 64.744814935,
        "MealPlan Carbs": 216.985088926,
        "MealPlan Fat": 38.219945548999995
    },
    {
        "dayName": "Sábado",
        "Objective Calories": 1500,
        "Objective Protein": 72,
        "Objective Carbs": 210,
        "Objective Fat": 41.4,
        "MealPlan Calories": 1511.24726052,
        "MealPlan Proteins": 66.3711893,
        "MealPlan Carbs": 228.676621366,
        "MealPlan Fat": 36.784001984
    },
    {
        "dayName": "Domingo",
        "Objective Calories": 1500,
        "Objective Protein": 72,
        "Objective Carbs": 210,
        "Objective Fat": 41.4,
        "MealPlan Calories": 1526.228798485,
        "MealPlan Proteins": 67.728818035,
        "MealPlan Carbs": 225.444762126,
        "MealPlan Fat": 39.281608649
    }
]