[
    {
        "dayName": "Lunes",
        "Objective Calories": 1500,
        "Objective Protein": 72,
        "Objective Carbs": 210,
        "Objective Fat": 41.4,
        "MealPlan Calories": 1456.147191838,
        "MealPlan Proteins": 62.820366873,
        "MealPlan Carbs": 201.650100538,
        "MealPlan Fat": 44.251702466
    },
    {
        "dayName": "Martes",
        "Objective Calories": 1500,
        "Objective Protein": 72,
        "Objective Carbs": 210,
        "Objective Fat": 41.4,
        "MealPlan Calories": 1515.66887477,
        "MealPlan Proteins": 57.482328845,
        "MealPlan Carbs": 217.6256163,
        "MealPlan Fat": 46.13745491
    },
    {
        "dayName": "Miércoles",
        "Objective Calories": 1500,
        "Objective Protein": 72,
        "Objective Carbs": 210,
        "Objective Fat": 41.4,
        "MealPlan Calories": 1519.7042804980001,
        "MealPlan Proteins": 65.950643608,
        "MealPlan Carbs": 208.599309048,
        "MealPlan Fat": 46.833829986
    },
    {
        "dayName": "Jueves",
        "Objective Calories": 1500,
        "Objective Protein": 72,
        "Objective Carbs": 210,
        "Objective Fat": 41.4,
        "MealPlan Calories": 1564.4064004289999,
        "MealPlan Proteins": 68.046071806,
        "MealPlan Carbs": 225.869511455,
        "MealPlan Fat": 43.193785265
    },
    {
        "dayName": "Viernes",
        "Objective Calories": 1500,
        "Objective Protein": 72,
        "Objective Carbs": 210,
        "Objective Fat": 41.4,
        "MealPlan Calories": 1553.79616003,
        "MealPlan Proteins": 68.28476979,
        "MealPlan Carbs": 218.52459706000002,
        "MealPlan Fat": 45.173188069999995
    },
    {
        "dayName": "Sábado",
        "Objective Calories": 1500,
        "Objective Protein": 72,
        "Objective Carbs": 210,
        "Objective Fat": 41.4,
        "MealPlan Calories": 1522.99973228,
        "MealPlan Proteins": 67.94108353,
        "MealPlan Carbs": 216.58392457000002,
        "MealPlan Fat": 42.76663332
    },
    {
        "dayName": "Domingo",
        "Objective Calories": 1500,
        "Objective Protein": 72,
        "Objective Carbs": 210,
        "Objective Fat": 41.4,
        "MealPlan Calories": 1507.859029555,
        "MealPlan Proteins": 71.081011485,
        "MealPlan Carbs": 207.27649444000002,
        "MealPlan Fat": 43.825445095
    }
]