[
    {
        "dayName": "Lunes",
        "Objective Calories": 1500,
        "Objective Protein": 72,
        "Objective Carbs": 210,
        "Objective Fat": 41.4,
        "MealPlan Calories": 1411.2896,
        "MealPlan Proteins": 55.8253,
        "MealPlan Carbs": 208.74040000000002,
        "MealPlan Fat": 39.2252
    },
    {
        "dayName": "Martes",
        "Objective Calories": 1500,
        "Objective Protein": 72,
        "Objective Carbs": 210,
        "Objective Fat": 41.4,
        "MealPlan Calories": 1517.4875000000002,
        "MealPlan Proteins": 66.5154,
        "MealPlan Carbs": 209.1083,
        "MealPlan Fat": 46.1103
    },
    {
        "dayName": "Miércoles",
        "Objective Calories": 1500,
        "Objective Protein": 72,
        "Objective Carbs": 210,
        "Objective Fat": 41.4,
        "MealPlan Calories": 1621.4356000000002,
        "MealPlan Proteins": 74.0694,
        "MealPlan Carbs": 207.26770000000002,
        "MealPlan Fat": 55.1208
    },
    {
        "dayName": "Jueves",
        "Objective Calories": 1500,
        "Objective Protein": 72,
        "Objective Carbs": 210,
        "Objective Fat": 41.4,
        "MealPlan Calories": 1623.1536,
        "MealPlan Proteins": 68.2031,
        "MealPlan Carbs": 248.76880000000003,
        "MealPlan Fat": 39.474000000000004
    },
    {
        "dayName": "Viernes",
        "Objective Calories": 1500,
        "Objective Protein": 72,
        "Objective Carbs": 210,
        "Objective Fat": 41.4,
        "MealPlan Calories": 1563.0729999999999,
        "MealPlan Proteins": 68.4116,
        "MealPlan Carbs": 226.61149999999998,
        "MealPlan Fat": 42.553399999999996
    },
    {
        "dayName": "Sábado",
        "Objective Calories": 1500,
        "Objective Protein": 72,
        "Objective Carbs": 210,
        "Objective Fat": 41.4,
        "MealPlan Calories": 1570.8620999999998,
        "MealPlan Proteins": 76.52600000000001,
        "MealPlan Carbs": 198.0328,
        "MealPlan Fat": 52.5141
    },
    {
        "dayName": "Domingo",
        "Objective Calories": 1500,
        "Objective Protein": 72,
        "Objective Carbs": 210,
        "Objective Fat": 41.4,
        "MealPlan Calories": 1506.1519,
        "MealPlan Proteins": 70.1529,
        "MealPlan Carbs": 201.58929999999998,
        "MealPlan Fat": 46.575900000000004
    }
]