[
    {
        "dayName": "Lunes",
        "Objective Calories": 1500,
        "Objective Protein": 72,
        "Objective Carbs": 210,
        "Objective Fat": 41.4,
        "MealPlan Calories": 1371.5203374,
        "MealPlan Proteins": 71.56689440000001,
        "MealPlan Carbs": 173.01970390000002,
        "MealPlan Fat": 43.685993800000006
    },
    {
        "dayName": "Martes",
        "Objective Calories": 1500,
        "Objective Protein": 72,
        "Objective Carbs": 210,
        "Objective Fat": 41.4,
        "MealPlan Calories": 1528.37771075,
        "MealPlan Proteins": 73.7066297,
        "MealPlan Carbs": 209.8205469,
        "MealPlan Fat": 43.80766715
    },
    {
        "dayName": "Miércoles",
        "Objective Calories": 1500,
        "Objective Protein": 72,
        "Objective Carbs": 210,
        "Objective Fat": 41.4,
        "MealPlan Calories": 1552.18539634,
        "MealPlan Proteins": 74.28414042,
        "MealPlan Carbs": 210.77369554,
        "MealPlan Fat": 45.7726725
    },
    {
        "dayName": "Jueves",
        "Objective Calories": 1500,
        "Objective Protein": 72,
        "Objective Carbs": 210,
        "Objective Fat": 41.4,
        "MealPlan Calories": 1431.7141,
        "MealPlan Proteins": 65.2105,
        "MealPlan Carbs": 184.52519999999998,
        "MealPlan Fat": 48.0857
    },
    {
        "dayName": "Viernes",
        "Objective Calories": 1500,
        "Objective Protein": 72,
        "Objective Carbs": 210,
        "Objective Fat": 41.4,
        "MealPlan Calories": 1528.7409575000001,
        "MealPlan Proteins": 62.62791,
        "MealPlan Carbs": 218.4026225,
        "MealPlan Fat": 44.9576475
    },
    {
        "dayName": "Sábado",
        "Objective Calories": 1500,
        "Objective Protein": 72,
        "Objective Carbs": 210,
        "Objective Fat": 41.4,
        "MealPlan Calories": 1463.2171,
        "MealPlan Proteins": 83.3249,
        "MealPlan Carbs": 152.72390000000001,
        "MealPlan Fat": 57.6691
    },
    {
        "dayName": "Domingo",
        "Objective Calories": 1500,
        "Objective Protein": 72,
        "Objective Carbs": 210,
        "Objective Fat": 41.4,
        "MealPlan Calories": 1549.4006215,
        "MealPlan Proteins": 75.0357408,
        "MealPlan Carbs": 205.09793005,
        "MealPlan Fat": 47.6517709
    }
]