[
    {
        "dayName": "Lunes",
        "dailyCalories": 1500,
        "dailyProtein": 72,
        "dailyCarbs": 210,
        "dailyFat": 41.4,
        "meals": [
            {
                "mealName": "Desayuno",
                "recipes": [
                    {
                        "foodOptions": [
                            {
                                "food": "5c9424bbc79d3f1163b7d003",
                                "foodName": "Leche de soya",
                                "quantity": 1,
                                "unit": "cup"
                            }
                        ]
                    },
                    {
                        "foodOptions": [
                            {
                                "food": "5c9424a7c79d3f1163b7be15",
                                "foodName": "Yogurt",
                                "quantity": 1,
                                "unit": "cup"
                            }
                        ]
                    },
                    {
                        "foodOptions": [
                            {
                                "food": "5c9424adc79d3f1163b7c5b6",
                                "foodName": "Sandía",
                                "quantity": 1,
                                "unit": "cup, balls"
                            }
                        ]
                    }
                ]
            },
            {
                "mealName": "Almuerzo",
                "recipes": [
                    {
                        "foodOptions": [
                            {
                                "food": "5c9424a7c79d3f1163b7bdbb",
                                "foodName": "Queso edam",
                                "quantity": 1,
                                "unit": "slice"
                            }
                        ]
                    },
                    {
                        "foodOptions": [
                            {
                                "food": "633f2d4dd0618690206f2272",
                                "foodName": "Pasta a la pomarola",
                                "quantity": 1,
                                "unit": "Porción"
                            }
                        ]
                    }
                ]
            },
            {
                "mealName": "Cena",
                "recipes": [
                    {
                        "foodOptions": [
                            {
                                "food": "64b9c9d2f5ab96a51d48f8db",
                                "foodName": "Burrito de frijoles negros",
                                "quantity": 1,
                                "unit": "Porción"
                            }
                        ]
                    },
                    {
                        "foodOptions": [
                            {
                                "food": "5c9424adc79d3f1163b7c4da",
                                "foodName": "Arándano",
                                "quantity": 2,
                                "unit": "handful"
                            }
                        ]
                    }
                ]
            }
        ]
    },
    {
        "dayName": "Martes",
        "dailyCalories": 1500,
        "dailyProtein": 72,
        "dailyCarbs": 210,
        "dailyFat": 41.4,
        "meals": [
            {
                "mealName": "Desayuno",
                "recipes": [
                    {
                        "foodOptions": [
                            {
                                "food": "5c9424bbc79d3f1163b7d003",
                                "foodName": "Leche de soya",
                                "quantity": 1,
                                "unit": "cup"
                            }
                        ]
                    },
                    {
                        "foodOptions": [
                            {
                                "food": "5c9424a7c79d3f1163b7be15",
                                "foodName": "Yogurt",
                                "quantity": 1,
                                "unit": "cup"
                            }
                        ]
                    },
                    {
                        "foodOptions": [
                            {
                                "food": "5c9424adc79d3f1163b7c5b6",
                                "foodName": "Sandía",
                                "quantity": 1,
                                "unit": "cup, balls"
                            }
                        ]
                    }
                ]
            },
            {
                "mealName": "Almuerzo",
                "recipes": [
                    {
                        "foodOptions": [
                            {
                                "food": "5c9424bbc79d3f1163b7d08a",
                                "foodName": "Pallares",
                                "quantity": 1,
                                "unit": "cup"
                            }
                        ]
                    },
                    {
                        "foodOptions": [
                            {
                                "food": "5c9424adc79d3f1163b7c573",
                                "foodName": "Pera",
                                "quantity": 1,
                                "unit": "unit"
                            }
                        ]
                    },
                    {
                        "foodOptions": [
                            {
                                "food": "5c9424adc79d3f1163b7c5b6",
                                "foodName": "Sandía",
                                "quantity": 1,
                                "unit": "cup, balls"
                            }
                        ]
                    },
                    {
                        "foodOptions": [
                            {
                                "food": "5c9424a7c79d3f1163b7bdbb",
                                "foodName": "Queso edam",
                                "quantity": 1,
                                "unit": "slice"
                            }
                        ]
                    }
                ]
            },
            {
                "mealName": "Cena",
                "recipes": [
                    {
                        "foodOptions": [
                            {
                                "food": "5c9424a7c79d3f1163b7bdbb",
                                "foodName": "Queso edam",
                                "quantity": 1,
                                "unit": "slice"
                            }
                        ]
                    },
                    {
                        "foodOptions": [
                            {
                                "food": "61ee093ac3b0c234f6281da4",
                                "foodName": "Hamburguesa vegetal",
                                "quantity": 1,
                                "unit": "Porción"
                            }
                        ]
                    },
                    {
                        "foodOptions": [
                            {
                                "food": "5c9424a7c79d3f1163b7be15",
                                "foodName": "Yogurt",
                                "quantity": 1,
                                "unit": "cup"
                            }
                        ]
                    },
                    {
                        "foodOptions": [
                            {
                                "food": "5c9424adc79d3f1163b7c5b6",
                                "foodName": "Sandía",
                                "quantity": 1,
                                "unit": "cup, balls"
                            }
                        ]
                    },
                    {
                        "foodOptions": [
                            {
                                "food": "5c9424adc79d3f1163b7c55a",
                                "foodName": "Mandarina",
                                "quantity": 1,
                                "unit": "unit"
                            }
                        ]
                    }
                ]
            }
        ]
    },
    {
        "dayName": "Miércoles",
        "dailyCalories": 1500,
        "dailyProtein": 72,
        "dailyCarbs": 210,
        "dailyFat": 41.4,
        "meals": [
            {
                "mealName": "Desayuno",
                "recipes": [
                    {
                        "foodOptions": [
                            {
                                "food": "5c9424adc79d3f1163b7c5b6",
                                "foodName": "Sandía",
                                "quantity": 1,
                                "unit": "cup, balls"
                            }
                        ]
                    },
                    {
                        "foodOptions": [
                            {
                                "food": "5c9424bbc79d3f1163b7d003",
                                "foodName": "Leche de soya",
                                "quantity": 1,
                                "unit": "cup"
                            }
                        ]
                    },
                    {
                        "foodOptions": [
                            {
                                "food": "5c9424a7c79d3f1163b7be15",
                                "foodName": "Yogurt",
                                "quantity": 1,
                                "unit": "cup"
                            }
                        ]
                    }
                ]
            },
            {
                "mealName": "Almuerzo",
                "recipes": [
                    {
                        "foodOptions": [
                            {
                                "food": "61ee093ac3b0c234f6281da4",
                                "foodName": "Hamburguesa vegetal",
                                "quantity": 1,
                                "unit": "Porción"
                            }
                        ]
                    },
                    {
                        "foodOptions": [
                            {
                                "food": "5c9424adc79d3f1163b7c5b6",
                                "foodName": "Sandía",
                                "quantity": 1,
                                "unit": "cup, balls"
                            }
                        ]
                    },
                    {
                        "foodOptions": [
                            {
                                "food": "5c9424adc79d3f1163b7c4da",
                                "foodName": "Arándano",
                                "quantity": 2,
                                "unit": "handful"
                            }
                        ]
                    },
                    {
                        "foodOptions": [
                            {
                                "food": "5c9424a7c79d3f1163b7bdbb",
                                "foodName": "Queso edam",
                                "quantity": 1,
                                "unit": "slice"
                            }
                        ]
                    },
                    {
                        "foodOptions": [
                            {
                                "food": "5c9424bbc79d3f1163b7d003",
                                "foodName": "Leche de soya",
                                "quantity": 1,
                                "unit": "cup"
                            }
                        ]
                    }
                ]
            },
            {
                "mealName": "Cena",
                "recipes": [
                    {
                        "foodOptions": [
                            {
                                "food": "64c1f467b5aeb59a7a0891c8",
                                "foodName": "Delicia de espárragos",
                                "quantity": 1,
                                "unit": "Porción"
                            }
                        ]
                    },
                    {
                        "foodOptions": [
                            {
                                "food": "5c9424adc79d3f1163b7c5b6",
                                "foodName": "Sandía",
                                "quantity": 1,
                                "unit": "cup, balls"
                            }
                        ]
                    },
                    {
                        "foodOptions": [
                            {
                                "food": "5c9424bbc79d3f1163b7d08a",
                                "foodName": "Pallares",
                                "quantity": 1,
                                "unit": "cup"
                            }
                        ]
                    },
                    {
                        "foodOptions": [
                            {
                                "food": "5c9424adc79d3f1163b7c573",
                                "foodName": "Pera",
                                "quantity": 1,
                                "unit": "unit"
                            }
                        ]
                    }
                ]
            }
        ]
    },
    {
        "dayName": "Jueves",
        "dailyCalories": 1500,
        "dailyProtein": 72,
        "dailyCarbs": 210,
        "dailyFat": 41.4,
        "meals": [
            {
                "mealName": "Desayuno",
                "recipes": [
                    {
                        "foodOptions": [
                            {
                                "food": "5c9424a7c79d3f1163b7be15",
                                "foodName": "Yogurt",
                                "quantity": 1,
                                "unit": "cup"
                            }
                        ]
                    },
                    {
                        "foodOptions": [
                            {
                                "food": "5c9424bbc79d3f1163b7d003",
                                "foodName": "Leche de soya",
                                "quantity": 1,
                                "unit": "cup"
                            }
                        ]
                    },
                    {
                        "foodOptions": [
                            {
                                "food": "5c9424adc79d3f1163b7c5b6",
                                "foodName": "Sandía",
                                "quantity": 1,
                                "unit": "cup, balls"
                            }
                        ]
                    }
                ]
            },
            {
                "mealName": "Almuerzo",
                "recipes": [
                    {
                        "foodOptions": [
                            {
                                "food": "61ee093ac3b0c234f6281da4",
                                "foodName": "Hamburguesa vegetal",
                                "quantity": 1,
                                "unit": "Porción"
                            }
                        ]
                    },
                    {
                        "foodOptions": [
                            {
                                "food": "5c9424a7c79d3f1163b7bdbb",
                                "foodName": "Queso edam",
                                "quantity": 1,
                                "unit": "slice"
                            }
                        ]
                    },
                    {
                        "foodOptions": [
                            {
                                "food": "5c9424adc79d3f1163b7c55a",
                                "foodName": "Mandarina",
                                "quantity": 1,
                                "unit": "unit"
                            }
                        ]
                    },
                    {
                        "foodOptions": [
                            {
                                "food": "5c9424adc79d3f1163b7c5b6",
                                "foodName": "Sandía",
                                "quantity": 1,
                                "unit": "cup, balls"
                            }
                        ]
                    }
                ]
            },
            {
                "mealName": "Cena",
                "recipes": [
                    {
                        "foodOptions": [
                            {
                                "food": "61b2dd7f3a0d20fe82565363",
                                "foodName": "Porridge de avena",
                                "quantity": 1,
                                "unit": "Porción"
                            }
                        ]
                    },
                    {
                        "foodOptions": [
                            {
                                "food": "5c9424adc79d3f1163b7c4da",
                                "foodName": "Arándano",
                                "quantity": 2,
                                "unit": "handful"
                            }
                        ]
                    },
                    {
                        "foodOptions": [
                            {
                                "food": "5c9424adc79d3f1163b7c565",
                                "foodName": "Melocotón",
                                "quantity": 1,
                                "unit": "unit"
                            }
                        ]
                    }
                ]
            }
        ]
    },
    {
        "dayName": "Viernes",
        "dailyCalories": 1500,
        "dailyProtein": 72,
        "dailyCarbs": 210,
        "dailyFat": 41.4,
        "meals": [
            {
                "mealName": "Desayuno",
                "recipes": [
                    {
                        "foodOptions": [
                            {
                                "food": "5c9424bbc79d3f1163b7d003",
                                "foodName": "Leche de soya",
                                "quantity": 1,
                                "unit": "cup"
                            }
                        ]
                    },
                    {
                        "foodOptions": [
                            {
                                "food": "5c9424a7c79d3f1163b7be15",
                                "foodName": "Yogurt",
                                "quantity": 1,
                                "unit": "cup"
                            }
                        ]
                    },
                    {
                        "foodOptions": [
                            {
                                "food": "5c9424adc79d3f1163b7c5b6",
                                "foodName": "Sandía",
                                "quantity": 1,
                                "unit": "cup, balls"
                            }
                        ]
                    }
                ]
            },
            {
                "mealName": "Almuerzo",
                "recipes": [
                    {
                        "foodOptions": [
                            {
                                "food": "5c9424a7c79d3f1163b7bdbb",
                                "foodName": "Queso edam",
                                "quantity": 1,
                                "unit": "slice"
                            }
                        ]
                    },
                    {
                        "foodOptions": [
                            {
                                "food": "5c9424bbc79d3f1163b7d003",
                                "foodName": "Leche de soya",
                                "quantity": 1,
                                "unit": "cup"
                            }
                        ]
                    },
                    {
                        "foodOptions": [
                            {
                                "food": "5c9424b1c79d3f1163b7c88f",
                                "foodName": "Papa blanca",
                                "quantity": 2,
                                "unit": "unit"
                            }
                        ]
                    }
                ]
            },
            {
                "mealName": "Cena",
                "recipes": [
                    {
                        "foodOptions": [
                            {
                                "food": "5c9424adc79d3f1163b7c4da",
                                "foodName": "Arándano",
                                "quantity": 2,
                                "unit": "handful"
                            }
                        ]
                    },
                    {
                        "foodOptions": [
                            {
                                "food": "5c9424a7c79d3f1163b7be15",
                                "foodName": "Yogurt",
                                "quantity": 1,
                                "unit": "cup"
                            }
                        ]
                    },
                    {
                        "foodOptions": [
                            {
                                "food": "5c9424a7c79d3f1163b7bdbb",
                                "foodName": "Queso edam",
                                "quantity": 1,
                                "unit": "slice"
                            }
                        ]
                    },
                    {
                        "foodOptions": [
                            {
                                "food": "5c9424bbc79d3f1163b7d08a",
                                "foodName": "Pallares",
                                "quantity": 1,
                                "unit": "cup"
                            }
                        ]
                    },
                    {
                        "foodOptions": [
                            {
                                "food": "5c9424adc79d3f1163b7c573",
                                "foodName": "Pera",
                                "quantity": 1,
                                "unit": "unit"
                            }
                        ]
                    }
                ]
            }
        ]
    },
    {
        "dayName": "Sábado",
        "dailyCalories": 1500,
        "dailyProtein": 72,
        "dailyCarbs": 210,
        "dailyFat": 41.4,
        "meals": [
            {
                "mealName": "Desayuno",
                "recipes": [
                    {
                        "foodOptions": [
                            {
                                "food": "5c9424a7c79d3f1163b7be15",
                                "foodName": "Yogurt",
                                "quantity": 1,
                                "unit": "cup"
                            }
                        ]
                    },
                    {
                        "foodOptions": [
                            {
                                "food": "5c9424bbc79d3f1163b7d003",
                                "foodName": "Leche de soya",
                                "quantity": 1,
                                "unit": "cup"
                            }
                        ]
                    },
                    {
                        "foodOptions": [
                            {
                                "food": "5c9424adc79d3f1163b7c5b6",
                                "foodName": "Sandía",
                                "quantity": 1,
                                "unit": "cup, balls"
                            }
                        ]
                    }
                ]
            },
            {
                "mealName": "Almuerzo",
                "recipes": [
                    {
                        "foodOptions": [
                            {
                                "food": "5c9424bbc79d3f1163b7d08a",
                                "foodName": "Pallares",
                                "quantity": 1,
                                "unit": "cup"
                            }
                        ]
                    },
                    {
                        "foodOptions": [
                            {
                                "food": "5c9424a7c79d3f1163b7bdbb",
                                "foodName": "Queso edam",
                                "quantity": 1,
                                "unit": "slice"
                            }
                        ]
                    },
                    {
                        "foodOptions": [
                            {
                                "food": "5c9424b1c79d3f1163b7c88f",
                                "foodName": "Papa blanca",
                                "quantity": 2,
                                "unit": "unit"
                            }
                        ]
                    }
                ]
            },
            {
                "mealName": "Cena",
                "recipes": [
                    {
                        "foodOptions": [
                            {
                                "food": "64c1f1c7b5aeb59a7a088fc6",
                                "foodName": "Tacos de hongos, tomate y queso",
                                "quantity": 1,
                                "unit": "Porción"
                            }
                        ]
                    },
                    {
                        "foodOptions": [
                            {
                                "food": "5c9424bbc79d3f1163b7d08a",
                                "foodName": "Pallares",
                                "quantity": 1,
                                "unit": "cup"
                            }
                        ]
                    }
                ]
            }
        ]
    },
    {
        "dayName": "Domingo",
        "dailyCalories": 1500,
        "dailyProtein": 72,
        "dailyCarbs": 210,
        "dailyFat": 41.4,
        "meals": [
            {
                "mealName": "Desayuno",
                "recipes": [
                    {
                        "foodOptions": [
                            {
                                "food": "5c9424adc79d3f1163b7c4da",
                                "foodName": "Arándano",
                                "quantity": 2,
                                "unit": "handful"
                            }
                        ]
                    },
                    {
                        "foodOptions": [
                            {
                                "food": "5c9424a7c79d3f1163b7be15",
                                "foodName": "Yogurt",
                                "quantity": 1,
                                "unit": "cup"
                            }
                        ]
                    },
                    {
                        "foodOptions": [
                            {
                                "food": "5c9424adc79d3f1163b7c5af",
                                "foodName": "Fresa (frutilla)",
                                "quantity": 2,
                                "unit": "unit"
                            }
                        ]
                    },
                    {
                        "foodOptions": [
                            {
                                "food": "5c9424bbc79d3f1163b7d003",
                                "foodName": "Leche de soya",
                                "quantity": 1,
                                "unit": "cup"
                            }
                        ]
                    }
                ]
            },
            {
                "mealName": "Almuerzo",
                "recipes": [
                    {
                        "foodOptions": [
                            {
                                "food": "5c9424adc79d3f1163b7c4da",
                                "foodName": "Arándano",
                                "quantity": 2,
                                "unit": "handful"
                            }
                        ]
                    },
                    {
                        "foodOptions": [
                            {
                                "food": "5c9424a7c79d3f1163b7be15",
                                "foodName": "Yogurt",
                                "quantity": 1,
                                "unit": "cup"
                            }
                        ]
                    },
                    {
                        "foodOptions": [
                            {
                                "food": "61ee093ac3b0c234f6281da4",
                                "foodName": "Hamburguesa vegetal",
                                "quantity": 1,
                                "unit": "Porción"
                            }
                        ]
                    },
                    {
                        "foodOptions": [
                            {
                                "food": "5c9424a7c79d3f1163b7bdbb",
                                "foodName": "Queso edam",
                                "quantity": 1,
                                "unit": "slice"
                            }
                        ]
                    },
                    {
                        "foodOptions": [
                            {
                                "food": "5c9424adc79d3f1163b7c565",
                                "foodName": "Melocotón",
                                "quantity": 1,
                                "unit": "unit"
                            }
                        ]
                    }
                ]
            },
            {
                "mealName": "Cena",
                "recipes": [
                    {
                        "foodOptions": [
                            {
                                "food": "5c9424bbc79d3f1163b7d08a",
                                "foodName": "Pallares",
                                "quantity": 1,
                                "unit": "cup"
                            }
                        ]
                    },
                    {
                        "foodOptions": [
                            {
                                "food": "64c1f1c7b5aeb59a7a088fc6",
                                "foodName": "Tacos de hongos, tomate y queso",
                                "quantity": 1,
                                "unit": "Porción"
                            }
                        ]
                    }
                ]
            }
        ]
    }
]