[
    {
        "dayName": "Lunes",
        "Objective Calories": 1500,
        "Objective Protein": 72,
        "Objective Carbs": 210,
        "Objective Fat": 41.4,
        "MealPlan Calories": 1497.729249128,
        "MealPlan Proteins": 59.43748252500001,
        "MealPlan Carbs": 220.066849553,
        "MealPlan Fat": 42.190213424
    },
    {
        "dayName": "Martes",
        "Objective Calories": 1500,
        "Objective Protein": 72,
        "Objective Carbs": 210,
        "Objective Fat": 41.4,
        "MealPlan Calories": 1523.512938765,
        "MealPlan Proteins": 54.418599715,
        "MealPlan Carbs": 227.056446305,
        "MealPlan Fat": 44.179194965
    },
    {
        "dayName": "Miércoles",
        "Objective Calories": 1500,
        "Objective Protein": 72,
        "Objective Carbs": 210,
        "Objective Fat": 41.4,
        "MealPlan Calories": 1535.9208191799999,
        "MealPlan Proteins": 66.79028224000001,
        "MealPlan Carbs": 225.90892434,
        "MealPlan Fat": 40.56933254
    },
    {
        "dayName": "Jueves",
        "Objective Calories": 1500,
        "Objective Protein": 72,
        "Objective Carbs": 210,
        "Objective Fat": 41.4,
        "MealPlan Calories": 1547.3859365099997,
        "MealPlan Proteins": 61.962451290000004,
        "MealPlan Carbs": 212.84464952999997,
        "MealPlan Fat": 49.79528146999999
    },
    {
        "dayName": "Viernes",
        "Objective Calories": 1500,
        "Objective Protein": 72,
        "Objective Carbs": 210,
        "Objective Fat": 41.4,
        "MealPlan Calories": 1517.6331079299998,
        "MealPlan Proteins": 59.92523306,
        "MealPlan Carbs": 220.69347983,
        "MealPlan Fat": 43.90647292999999
    },
    {
        "dayName": "Sábado",
        "Objective Calories": 1500,
        "Objective Protein": 72,
        "Objective Carbs": 210,
        "Objective Fat": 41.4,
        "MealPlan Calories": 1520.448999165,
        "MealPlan Proteins": 63.403860288999994,
        "MealPlan Carbs": 221.20150803800001,
        "MealPlan Fat": 42.447502873000005
    },
    {
        "dayName": "Domingo",
        "Objective Calories": 1500,
        "Objective Protein": 72,
        "Objective Carbs": 210,
        "Objective Fat": 41.4,
        "MealPlan Calories": 1481.082306807,
        "MealPlan Proteins": 64.56908322199999,
        "MealPlan Carbs": 207.775052983,
        "MealPlan Fat": 43.522862442999994
    }
]