[
    {
        "dayName": "Lunes",
        "Objective Calories": 1500,
        "Objective Protein": 72,
        "Objective Carbs": 210,
        "Objective Fat": 41.4,
        "MealPlan Calories": 1548.4295356799998,
        "MealPlan Proteins": 60.268919319999995,
        "MealPlan Carbs": 222.63415232,
        "MealPlan Fat": 46.31302768
    },
    {
        "dayName": "Martes",
        "Objective Calories": 1500,
        "Objective Protein": 72,
        "Objective Carbs": 210,
        "Objective Fat": 41.4,
        "MealPlan Calories": 1486.946104944,
        "MealPlan Proteins": 58.289293431,
        "MealPlan Carbs": 219.47889833699998,
        "MealPlan Fat": 41.763704208
    },
    {
        "dayName": "Miércoles",
        "Objective Calories": 1500,
        "Objective Protein": 72,
        "Objective Carbs": 210,
        "Objective Fat": 41.4,
        "MealPlan Calories": 1517.6331079299998,
        "MealPlan Proteins": 59.92523306,
        "MealPlan Carbs": 220.69347983,
        "MealPlan Fat": 43.90647292999999
    },
    {
        "dayName": "Jueves",
        "Objective Calories": 1500,
        "Objective Protein": 72,
        "Objective Carbs": 210,
        "Objective Fat": 41.4,
        "MealPlan Calories": 1516.414303552,
        "MealPlan Proteins": 62.863950130999996,
        "MealPlan Carbs": 220.07235782000004,
        "MealPlan Fat": 42.741007972
    },
    {
        "dayName": "Viernes",
        "Objective Calories": 1500,
        "Objective Protein": 72,
        "Objective Carbs": 210,
        "Objective Fat": 41.4,
        "MealPlan Calories": 1504.1364776229998,
        "MealPlan Proteins": 72.573885003,
        "MealPlan Carbs": 198.719032228,
        "MealPlan Fat": 46.551645410999996
    },
    {
        "dayName": "Sábado",
        "Objective Calories": 1500,
        "Objective Protein": 72,
        "Objective Carbs": 210,
        "Objective Fat": 41.4,
        "MealPlan Calories": 1511.24726052,
        "MealPlan Proteins": 66.3711893,
        "MealPlan Carbs": 228.676621366,
        "MealPlan Fat": 36.784001984
    },
    {
        "dayName": "Domingo",
        "Objective Calories": 1500,
        "Objective Protein": 72,
        "Objective Carbs": 210,
        "Objective Fat": 41.4,
        "MealPlan Calories": 1479.209666267,
        "MealPlan Proteins": 62.782305552,
        "MealPlan Carbs": 209.691808898,
        "MealPlan Fat": 43.257023163
    }
]